AAAGTAGGTCTTCAAG,5
AACTCAGTCGAATGGG,5
AACTTTCGTTTACTCT,5
AAGACCTTCTCTGCTG,5
AAGCCGCAGCCACGCT,5
AAGCCGCCACCGATAT,5
AATCGGTGTCTTTCAT,5
ACAGCCGGTAGGAGTC,5
ACCAGTACATACTACG,5
ACCTTTAGTCTCCACT,5
ACGATACTCGGAGGTA,5
ACGATGTAGGTGCTTT,5
ACGCCGAAGCCACGCT,5
ACGCCGAAGGACACCA,5
ACGGGTCAGAATTCCC,5
ACTATCTAGCTTCGCG,5
ACTTGTTCACGCATCG,5
AGCAGCCTCATGTCCC,5
AGCGTCGGTACCGGCT,5
AGCTCTCAGATTACCC,5
AGGGAGTTCAACACAC,5
ATCATGGCATACTCTT,5
ATGAGGGAGAGCTGGT,5
ATGTGTGGTCTAGAGG,5
ATTACTCCAGGAATCG,5
ATTATCCCATAGTAAG,5
CACAAACCACGGTTTA,5
CACACAAAGAGGTTGC,5
CACAGGCAGGAGCGAG,5
CACCAGGCAAGGTGTG,5
CAGAATCGTCCCTACT,5
CAGAGAGGTAGAGTGC,5
CAGAGAGGTCTAAACC,5
CAGCATAGTCATATGC,5
CAGCGACAGCCACGCT,5
CAGCGACAGTCGCCGT,5
CAGCTAAGTCTTTCAT,5
CATCCACCATGTCGAT,5
CCACCTATCTGGTTCC,5
CCACGGATCAGTGTTG,5
CCATTCGAGATAGCAT,5
CCCAATCCAGGCTGAA,5
CCGGTAGAGATCTGCT,5
CCGTGGAGTTGCTCCT,5
CCTCAGTCAGTGGAGT,5
CCTCAGTGTGATAAGT,5
CGACCTTAGCTGTTCA,5
CGACCTTGTATCACCA,5
CGAGCACCAGCTGGCT,5
CGAGCCAAGGATCGCA,5
CGATCGGCACCTGGTG,5
CGCCAAGCATATGAGA,5
CGGAGTCCAGGATCGA,5
CGTAGCGAGCACACAG,5
CGTAGCGCAATAGAGT,5
CGTGTAACACGGCGTT,5
CGTGTAATCAGGCCCA,5
CGTGTCTGTTTGTTGG,5
CTAACTTAGCGATAGC,5
CTAATGGGTAAGAGAG,5
CTACCCACAGCTCCGA,5
CTCATTAGTGTAAGTA,5
CTCGGAGAGTGTACGG,5
CTCGTCACACTAGTAC,5
CTCGTCAGTCTAGTGT,5
CTCTAATAGCACAGGT,5
CTCTAATTCAACGCTA,5
CTGGTCTCAACGATCT,5
CTGTGCTAGGGTGTTG,5
CTGTTTAGTTGAGGTG,5
CTTGGCTGTAAACACA,5
GAATAAGAGTAGATGT,5
GACGCGTAGCCACGCT,5
GACGCGTGTTGACGTT,5
GACGGCTAGCCACGCT,5
GAGGTGAGTAGGACAC,5
GATCGCGCAGAGCCAA,5
GATCTAGGTTACGGAG,5
GCAAACTAGTCTCGGC,5
GCAGCCAAGCCACGCT,5
GCATGATCATGTCCTC,5
GCGACCATCAATACCG,5
GCGCAACAGAGTGACC,5
GCGCAACAGCCACGCT,5
GCGCCAAAGCCACGCT,5
GCGCCAACACCAACCG,5
GCGCCAAGTTGTACAC,5
GCGCGATAGCCACGCT,5
GCGGGTTTCTGCCCTA,5
GCTGCTTAGCTCTCGG,5
GCTGGGTAGCCACGCT,5
GCTTGAACAAACGTGG,5
GGAATAACATTCACTT,5
GGACAGACAAGAGTCG,5
GGATGTTAGCCACCTG,5
GGATGTTGTCTGCAAT,5
GGCGACTAGCCACGCT,5
GGCGACTAGTCGCCGT,5
GGCTGGTAGCCACGCT,5
GGGAGATGTAGTGAAT,5
GGGCACTAGCCACGCT,5
GGGTTGCAGCCACGCT,5
GGTGCGTAGCCACGCT,5
GTACTCCGTTGGTTTG,5
GTAGGCCTCATGCATG,5
GTCGGGTAGAAGGTGA,5
GTCTCGTAGACCTTTG,5
GTCTTCGTCTAGAGTC,5
GTGCATAAGACTGTAA,5
GTGCATACAGCTGTAT,5
GTGCGGTAGACATAAC,5
GTGCGGTAGCCACGCT,5
GTGTGCGAGTCGCCGT,5
GTTCATTCATTACCTT,5
GTTCGGGAGGATGCGT,5
TAAGAGAAGGCATGGT,5
TACTCGCCAGCATGAG,5
TAGAGCTTCGCTTAGA,5
TAGCCGGAGCTAGGCA,5
TAGGCATTCGCACTCT,5
TCAACGATCACAACGT,5
TCACAAGAGATCCCAT,5
TCAGATGGTCTCATCC,5
TCGAGGCAGCCACGCT,5
TCGCGAGTCCTACAGA,5
TCGCGTTAGCAACGGT,5
TCGCGTTTCAAAGTAG,5
TCTGAGAAGACTGGGT,5
TCTGGAAAGCATGGCA,5
TGAGGGATCAACTCTT,5
TGATTTCCAAGCGTAG,5
TGCACCTGTTACGACT,5
TGCCCATAGTGACTCT,5
TGCCCATTCGGCCGAT,5
TGCGCAGAGCCACGCT,5
TGCGCAGTCTTGTCAT,5
TGCGTGGGTGTCAATC,5
TGCTGCTTCTCAAGTG,5
TGGACGCAGCCACGCT,5
TGGGCGTAGCCACGCT,5
TGGGCGTAGTCGCCGT,5
TGGTTAGCACGTAAGG,5
TGTTCCGAGGCTAGGT,5
TTAGGCACAACTGCTA,5
TTATGCTAGTTAAGTG,5
TTCCCAGCAAGTTGTC,5
TTCGGTCTCAATACCG,5
