CellBarcode,ClusterID
AAACCTGAGTGCTGCC,0
AAACCTGGTACCGTAT,0
AAACCTGGTTTAGGAA,7
AAACCTGTCAGCCTAA,1
AAACCTGTCGTAGGTT,4
AAACCTGTCGTTACAG,4
AAACGGGAGCTTCGCG,1
AAACGGGCATGTCGAT,6
AAACGGGGTAACGACG,2
AAACGGGGTATTCGTG,2
AAACGGGTCGAATGGG,2
AAACGGGTCGCAAGCC,3
AAACGGGTCGCCCTTA,1
AAACGGGTCTACCTGC,0
AAACGGGTCTTCGAGA,0
AAAGATGAGACCTAGG,0
AAAGATGCAATGCCAT,1
AAAGATGGTGAGGGAG,0
AAAGATGTCTAACTTC,1
AAAGCAAAGAGCAATT,7
AAAGCAAAGCTAAGAT,1
AAAGCAACAAGACGTG,0
AAAGCAACAGGAATGC,2
AAAGCAACATATGCTG,1
AAAGCAAGTGGCAAAC,1
AAAGCAATCGGGAGTA,0
AAAGCAATCGGTGTTA,0
AAAGCAATCTCGTATT,1
AAAGTAGAGTGATCGG,2
AAAGTAGAGTTGCAGG,4
AAAGTAGCAGCCAATT,0
AAAGTAGGTCAGCTAT,2
AAAGTAGGTCTTCAAG,5
AAAGTAGGTTCGCTAA,0
AAAGTAGTCCCATTTA,2
AAAGTAGTCGGTGTCG,1
AAAGTAGTCTACCTGC,1
AAATGCCAGTACGCGA,0
AAATGCCAGTTCGATC,2
AAATGCCCAAACTGTC,0
AAATGCCCAATTGCTG,1
AAATGCCCACGGCGTT,0
AAATGCCCATCATCCC,1
AAATGCCGTACCGAGA,4
AAATGCCTCTGCTGTC,0
AACACGTCACCCTATC,0
AACACGTGTTCAACCA,0
AACACGTTCGGTGTTA,6
AACCATGAGACAGAGA,1
AACCATGCATCTGGTA,0
AACCATGGTCCCTACT,4
AACCATGTCAGCTCGG,2
AACCATGTCGTTTATC,2
AACCGCGAGAGGTTGC,3
AACCGCGAGCCACGTC,1
AACCGCGCAATGTTGC,1
AACCGCGCAGCGTTCG,1
AACCGCGGTAGCGTGA,0
AACCGCGGTCTCACCT,7
AACCGCGTCCAACCAA,4
AACGTTGAGGTGGGTT,3
AACGTTGGTAAGCACG,3
AACGTTGTCGACAGCC,0
AACTCAGAGCGCCTTG,0
AACTCAGAGGTCATCT,0
AACTCAGAGTTGAGTA,3
AACTCAGCACGGTGTC,1
AACTCAGCAGTCAGCC,2
AACTCAGCATGCGCAC,6
AACTCAGGTACCGTAT,0
AACTCAGGTCTCAACA,0
AACTCAGGTGTGAAAT,3
AACTCAGGTGTGCCTG,1
AACTCAGTCGAATGGG,5
AACTCCCAGTGCGTGA,3
AACTCCCGTCCTCCAT,0
AACTCCCGTTGTGGAG,2
AACTCTTAGATGAGAG,4
AACTCTTAGGCAGGTT,0
AACTCTTCATGCTAGT,1
AACTCTTGTTACGTCA,0
AACTCTTTCGGCGCTA,3
AACTGGTAGTTCGCAT,0
AACTGGTCACCGCTAG,0
AACTGGTCAGAGCCAA,1
AACTGGTGTACTTGAC,0
AACTGGTGTGCAACGA,3
AACTGGTGTTATTCTC,4
AACTGGTTCGAGGTAG,2
AACTTTCAGGCAGTCA,3
AACTTTCAGTACCGGA,0
AACTTTCAGTATTGGA,0
AACTTTCCATTGCGGC,0
AACTTTCGTTTACTCT,5
AAGACCTAGTGCCAGA,0
AAGACCTCATCGTCGG,0
AAGACCTGTAGAGCTG,1
AAGACCTGTCAGAGGT,0
AAGACCTGTGCACCAC,0
AAGACCTTCAAGGCTT,1
AAGACCTTCTCTGCTG,5
AAGCCGCAGCCACGCT,5
AAGCCGCCACAGGTTT,7
AAGCCGCCACCGATAT,5
AAGCCGCCACCTATCC,7
AAGCCGCGTATTACCG,0
AAGCCGCGTGTGCCTG,0
AAGCCGCGTTCCACTC,1
AAGGAGCAGTTGAGAT,2
AAGGAGCCATGCAACT,2
AAGGAGCGTTAGTGGG,0
AAGGAGCGTTCACGGC,3
AAGGAGCTCGCGCCAA,1
AAGGCAGAGACGCTTT,1
AAGGCAGAGATGCCAG,0
AAGGCAGCATATACGC,1
AAGGCAGTCATCGCTC,3
AAGGTTCAGGCTCATT,1
AAGGTTCCAAGCTGGA,1
AAGGTTCCACGGTGTC,1
AAGGTTCGTAGCTTGT,3
AAGGTTCGTCATGCAT,6
AAGGTTCTCCAGTAGT,1
AAGGTTCTCGTAGGTT,1
AAGGTTCTCTGATTCT,2
AAGTCTGCATCTGGTA,1
AAGTCTGGTAGCGTGA,1
AAGTCTGGTGAGTGAC,1
AAGTCTGGTTTGTTTC,2
AAGTCTGTCATCGGAT,0
AAGTCTGTCATTGCGA,6
AAGTCTGTCCACGAAT,1
AATCCAGAGAGGTACC,2
AATCCAGAGCTGCCCA,0
AATCCAGAGGACTGGT,2
AATCCAGAGGATATAC,3
AATCCAGAGGATGCGT,0
AATCCAGAGTAGATGT,0
AATCCAGCAATCGAAA,0
AATCCAGGTCATACTG,2
AATCCAGGTGGTCTCG,0
AATCCAGTCCTAGTGA,4
AATCGGTAGCCAGAAC,0
AATCGGTCAAGACGTG,3
AATCGGTCAATGGAGC,3
AATCGGTCATGTAGTC,2
AATCGGTGTCTTTCAT,5
ACACCAAAGTATCGAA,4
ACACCAACAACTGCGC,2
ACACCAACATGAACCT,0
ACACCAAGTACCGTAT,6
ACACCAAGTACTTCTT,4
ACACCAATCATGCTCC,2
ACACCAATCTGTTTGT,0
ACACCAATCTTGTACT,0
ACACCCTAGTCGTTTG,0
ACACCCTAGTCTCCTC,1
ACACCCTCAAGCGAGT,3
ACACCCTCACGAAAGC,3
ACACCCTCAGATGAGC,1
ACACCCTGTGACGCCT,3
ACACCCTGTTGGACCC,1
ACACCCTTCAGTGTTG,0
ACACCGGAGGGTGTTG,1
ACACCGGAGTGTCCCG,0
ACACCGGCAAACTGTC,0
ACACCGGGTCTCTCGT,2
ACACCGGGTGAGTGAC,0
ACACCGGGTTTCCACC,1
ACACCGGTCAATACCG,2
ACACCGGTCTCTAAGG,0
ACACCGGTCTTGGGTA,0
ACACTGACAATAACGA,2
ACACTGACACGCCAGT,2
ACACTGAGTCGCGTGT,3
ACACTGATCGCCCTTA,2
ACAGCCGAGTCCTCCT,2
ACAGCCGCACCAGCAC,1
ACAGCCGGTAGGAGTC,5
ACAGCCGTCATGCTCC,3
ACAGCCGTCTAACTTC,0
ACAGCTAAGAATGTGT,1
ACAGCTAAGCTCAACT,0
ACAGCTACAAAGGTGC,1
ACAGCTACAGATGAGC,4
ACAGCTAGTCAAAGCG,2
ACAGCTAGTTAGATGA,0
ACATACGCACGAAAGC,1
ACATACGCAGTATGCT,3
ACATACGTCAATCTCT,4
ACATACGTCCCATTTA,1
ACATACGTCCGCGCAA,0
ACATACGTCGACCAGC,1
ACATACGTCTCAAACG,0
ACATCAGAGTGAAGTT,0
ACATCAGCAGACGCCT,2
ACATCAGGTAGATTAG,1
ACATCAGGTCAGAAGC,0
ACATCAGTCAACCAAC,0
ACATCAGTCCCTTGCA,3
ACATCAGTCGCGATCG,4
ACATGGTAGAAACCTA,1
ACATGGTAGACCTAGG,6
ACATGGTAGAGCTGGT,1
ACATGGTAGTAGCGGT,2
ACATGGTCACATGACT,1
ACATGGTCAGTCAGCC,1
ACATGGTCATTCTTAC,0
ACATGGTGTCAAACTC,1
ACATGGTTCAAGATCC,7
ACATGGTTCCACGTGG,0
ACCAGTAAGAAACGAG,1
ACCAGTAAGGGCTTCC,1
ACCAGTACAAGCTGAG,0
ACCAGTACAGTAGAGC,2
ACCAGTACATACTACG,5
ACCAGTAGTCAGATAA,3
ACCAGTAGTTCGGCAC,0
ACCAGTATCACTATTC,4
ACCCACTAGAGTAAGG,1
ACCCACTAGATCTGAA,3
ACCCACTCAATGAAAC,2
ACCCACTCAATTCCTT,3
ACCCACTCACCATGTA,1
ACCCACTGTCGGGTCT,0
ACCCACTGTCTCCACT,3
ACCCACTGTGAAATCA,1
ACCCACTGTGTGCCTG,2
ACCCACTTCAGCTCGG,4
ACCGTAAAGACTGTAA,6
ACCGTAACAACACCTA,3
ACCGTAACAAGAGGCT,2
ACCGTAACACAGAGGT,2
ACCGTAACACATCCAA,0
ACCGTAACACCAGTTA,1
ACCGTAAGTCGACTAT,0
ACCGTAAGTTCAGGCC,2
ACCGTAATCATTTGGG,4
ACCGTAATCTTAACCT,2
ACCTTTAAGCGGCTTC,1
ACCTTTAGTCTCCACT,5
ACCTTTAGTCTGGAGA,1
ACCTTTAGTCTTCGTC,6
ACGAGCCTCAATCACG,0
ACGAGCCTCTCTGAGA,2
ACGAGGAGTGTCAATC,2
ACGAGGATCGCTAGCG,3
ACGATACGTGACGGTA,6
ACGATACTCAAGAAGT,1
ACGATACTCGGAGGTA,5
ACGATGTAGAGCTATA,0
ACGATGTAGATGTTAG,0
ACGATGTAGCATCATC,3
ACGATGTAGGACAGCT,1
ACGATGTAGGTGCTTT,5
ACGATGTCATGGAATA,1
ACGATGTGTAAGTGGC,2
ACGATGTGTAGAAGGA,0
ACGATGTGTCAAAGCG,0
ACGATGTGTCTCTTTA,0
ACGATGTGTGGCAAAC,3
ACGATGTTCAGCTCTC,3
ACGATGTTCGGTGTTA,4
ACGCAGCAGAAGATTC,2
ACGCAGCCACTAGTAC,0
ACGCAGCTCAATACCG,0
ACGCAGCTCAGAGCTT,4
ACGCCAGGTGATGTCT,1
ACGCCAGTCTTGTATC,3
ACGCCGAAGCACGCCT,1
ACGCCGAAGCCACGCT,5
ACGCCGAAGGACACCA,5
ACGCCGAAGTAAGTAC,2
ACGCCGACAGCTCGCA,3
ACGCCGAGTAAGTGGC,3
ACGCCGAGTGCGCTTG,1
ACGCCGATCTGGCGTG,1
ACGGAGAAGACGCAAC,1
ACGGAGAAGCAGCCTC,3
ACGGAGAAGGGTATCG,0
ACGGAGACACACTGCG,0
ACGGAGACACGTCTCT,2
ACGGAGAGTAAATGAC,0
ACGGAGAGTCATATCG,0
ACGGAGAGTTACCGAT,2
ACGGAGATCTGTACGA,2
ACGGAGATCTTCATGT,0
ACGGCCAAGGGTATCG,3
ACGGCCAAGTGAACGC,2
ACGGCCAAGTGTTAGA,2
ACGGCCACACCGAAAG,4
ACGGCCACATGCTGGC,3
ACGGCCAGTACCGTTA,3
ACGGCCAGTCACTGGC,1
ACGGCCATCACCAGGC,1
ACGGGCTGTCACAAGG,0
ACGGGCTGTCGAATCT,1
ACGGGCTTCAGCTCGG,1
ACGGGCTTCCAAATGC,0
ACGGGCTTCCAGGGCT,1
ACGGGCTTCTCCAGGG,1
ACGGGTCAGAATTCCC,5
ACGGGTCGTAGTGAAT,0
ACGGGTCGTCCGTCAG,3
ACGGGTCGTTCGCGAC,0
ACGTCAAAGACTTGAA,0
ACGTCAAAGCATCATC,2
ACGTCAAAGCCGCCTA,6
ACGTCAAAGCGTTCCG,1
ACGTCAAAGGGTCGAT,4
ACGTCAACAAGCCTAT,1
ACGTCAACACAACGTT,0
ACGTCAACATTCCTCG,0
ACGTCAATCACGCGGT,0
ACGTCAATCCCAAGAT,2
ACGTCAATCCTCTAGC,3
ACTATCTAGCTTCGCG,5
ACTATCTCAAGCCGTC,0
ACTATCTCACGGCTAC,0
ACTATCTCACTTAAGC,3
ACTATCTCAGCTGTTA,6
ACTATCTGTAATAGCA,1
ACTATCTGTCCGAGTC,2
ACTATCTGTCTAGGTT,0
ACTGAACAGAGTCGGT,7
ACTGAACCACATGTGT,1
ACTGAACCACGGCGTT,3
ACTGAACCAGCGTCCA,1
ACTGAACCATGAACCT,0
ACTGAACGTAAACGCG,2
ACTGAACGTCTTCTCG,0
ACTGAACGTGGTCCGT,0
ACTGAACTCGACAGCC,3
ACTGAGTAGCCAACAG,1
ACTGAGTAGTCTCCTC,1
ACTGAGTAGTGTACTC,3
ACTGAGTCAGGAATGC,1
ACTGAGTCAGGTGGAT,4
ACTGAGTCAGTATCTG,0
ACTGAGTCAGTCAGCC,0
ACTGAGTTCACATGCA,1
ACTGAGTTCAGAGGTG,2
ACTGAGTTCCTTGACC,0
ACTGAGTTCGAGGTAG,1
ACTGAGTTCTCTGAGA,4
ACTGAGTTCTTTAGGG,0
ACTGATGAGGACACCA,1
ACTGATGAGTGCGTGA,6
ACTGATGCATCGTCGG,4
ACTGATGGTCAGAATA,0
ACTGCTCAGAGGGATA,1
ACTGCTCAGTGATCGG,1
ACTGCTCAGTTATCGC,2
ACTGCTCCACGGCCAT,2
ACTGCTCCATGTAGTC,6
ACTGCTCCATTTGCTT,2
ACTGCTCGTAGCTGCC,0
ACTGCTCGTAGGCTGA,4
ACTGCTCTCACGAAGG,2
ACTGCTCTCCCACTTG,0
ACTGCTCTCGAATGCT,0
ACTGCTCTCGCAAGCC,0
ACTGCTCTCGGTGTTA,0
ACTGTCCCAGACAAAT,1
ACTTGTTAGACCACGA,2
ACTTGTTCACGCATCG,5
ACTTGTTGTACCAGTT,0
ACTTGTTGTGCCTGTG,6
ACTTGTTGTTGAACTC,1
ACTTGTTTCTGCTTGC,0
ACTTGTTTCTTCGAGA,1
ACTTTCAAGCACCGCT,3
ACTTTCAAGGCCCGTT,4
ACTTTCAAGTGTTGAA,4
ACTTTCACAATCACAC,4
ACTTTCACAATGGACG,0
ACTTTCATCAAGATCC,6
AGAATAGCAAATCCGT,3
AGAATAGCATGCTAGT,7
AGAATAGTCAGGCAAG,3
AGAATAGTCGCCCTTA,0
AGAATAGTCGTTTGCC,3
AGAATAGTCTCCAACC,6
AGACGTTGTAAGGGCT,2
AGAGCGAAGATAGTCA,6
AGAGCGAAGCTGCAAG,6
AGAGCGACATACGCCG,0
AGAGCGACATTGAGCT,0
AGAGCGAGTACATCCA,1
AGAGCGAGTAGCTTGT,0
AGAGCGAGTCTCTCGT,1
AGAGCGAGTTCTGAAC,2
AGAGCGATCATTGCGA,0
AGAGCGATCCCACTTG,2
AGAGCGATCGCGTAGC,4
AGAGCTTAGCAATCTC,2
AGAGCTTAGCGTGTCC,1
AGAGCTTAGCTACCTA,3
AGAGCTTCATCACAAC,4
AGAGCTTGTGTTTGTG,4
AGAGTGGAGAAGGTTT,0
AGAGTGGAGCCCAACC,1
AGAGTGGAGTACGTTC,1
AGAGTGGAGTTAACGA,0
AGAGTGGAGTTACCCA,0
AGAGTGGCAACTGCTA,1
AGAGTGGCAATCGAAA,2
AGAGTGGCACCCATGG,0
AGAGTGGCACCTCGGA,4
AGAGTGGCACCTCGTT,1
AGAGTGGCATTACCTT,0
AGAGTGGCATTCCTCG,0
AGAGTGGCATTGTGCA,3
AGAGTGGTCGCTTAGA,3
AGATCTGAGCCTTGAT,1
AGATCTGAGTGTTGAA,6
AGATCTGCACCTCGTT,0
AGATCTGCAGTTCATG,0
AGATCTGTCAGATAAG,0
AGATCTGTCCTCATTA,1
AGATTGCAGTGGCACA,0
AGATTGCCAAGCCTAT,3
AGATTGCCAATAGCGG,2
AGATTGCCAGGTCTCG,4
AGATTGCGTGATGCCC,0
AGATTGCTCACCATAG,0
AGATTGCTCGATCCCT,1
AGCAGCCAGGATGTAT,0
AGCAGCCAGGCGTACA,0
AGCAGCCCAGGTCGTC,1
AGCAGCCGTGTGAAAT,3
AGCAGCCTCATGTCCC,5
AGCAGCCTCGGTTAAC,0
AGCATACAGCGATCCC,2
AGCATACCAGTCAGAG,4
AGCATACCAGTTAACC,3
AGCATACCATCAGTAC,0
AGCATACGTTGATTCG,0
AGCCTAAAGAACTCGG,2
AGCCTAAAGCCAGTAG,0
AGCCTAAAGCGTAGTG,0
AGCCTAACACTTACGA,0
AGCCTAATCGTTTAGG,0
AGCGGTCAGCACAGGT,2
AGCGGTCGTCTAAAGA,0
AGCGGTCTCAAACAAG,4
AGCGGTCTCTTCATGT,1
AGCGTATCAAGCCCAC,0
AGCGTATCAGTATCTG,1
AGCGTATCATTCCTGC,1
AGCGTATGTACCGTAT,0
AGCGTATGTAGTGAAT,0
AGCGTCGCATCGGACC,1
AGCGTCGGTACCGGCT,5
AGCGTCGGTAGGGTAC,3
AGCGTCGGTCGACTAT,0
AGCGTCGGTCGGGTCT,0
AGCGTCGGTTACGGAG,3
AGCGTCGTCAATAAGG,0
AGCTCCTAGAAGGTTT,7
AGCTCCTCATCTACGA,0
AGCTCCTGTATATGGA,0
AGCTCCTGTGCGCTTG,1
AGCTCCTGTTCGGGCT,0
AGCTCTCAGATTACCC,5
AGCTCTCAGGCTCAGA,4
AGCTCTCCACGGCGTT,0
AGCTCTCCAGTATGCT,1
AGCTCTCGTCCCGACA,0
AGCTCTCGTGACTACT,0
AGCTCTCTCAAACGGG,1
AGCTCTCTCACAGTAC,6
AGCTCTCTCTCCAGGG,7
AGCTTGAAGAGTCGGT,1
AGCTTGAGTAGGCTGA,2
AGCTTGATCCTCATTA,2
AGCTTGATCTACTTAC,0
AGCTTGATCTCCGGTT,0
AGGCCACAGCGCTTAT,2
AGGCCACCACCAGTTA,3
AGGCCACCACGAAGCA,3
AGGCCACGTGAGGGTT,0
AGGCCACGTGTGACCC,1
AGGCCACTCACTATTC,6
AGGCCACTCCGGGTGT,0
AGGCCGTAGTCTCCTC,0
AGGCCGTGTGATAAAC,0
AGGCCGTGTTTGGGCC,1
AGGCCGTTCACAATGC,1
AGGCCGTTCCCAGGTG,0
AGGCCGTTCGTCCAGG,4
AGGCCGTTCTGCGTAA,3
AGGGAGTAGAGTACCG,0
AGGGAGTAGCCAGTTT,1
AGGGAGTCAACACCTA,1
AGGGAGTCACATCCAA,1
AGGGAGTCAGACGCTC,4
AGGGAGTCAGCGAACA,3
AGGGAGTGTAAATGAC,0
AGGGAGTGTAGGGTAC,0
AGGGAGTGTATCACCA,1
AGGGAGTGTTCCCGAG,1
AGGGAGTGTTTCGCTC,0
AGGGAGTTCAACACAC,5
AGGGATGAGCGATATA,0
AGGGATGAGCGTGTCC,0
AGGGATGCAATGTAAG,0
AGGGATGCAGGACCCT,0
AGGGATGCAGTACACT,1
AGGGATGCAGTCGATT,0
AGGGATGGTCTTGATG,3
AGGGATGTCGCCCTTA,0
AGGGATGTCGTTACGA,2
AGGGTGACACGAGAGT,4
AGGTCATCATACAGCT,2
AGGTCATGTCTAAAGA,1
AGGTCATTCAGCATGT,3
AGGTCATTCATGTCTT,0
AGGTCATTCGCGATCG,3
AGGTCATTCGGCTACG,6
AGGTCATTCTTGACGA,3
AGGTCATTCTTGGGTA,0
AGGTCCGAGCAACGGT,0
AGGTCCGAGCAATATG,2
AGGTCCGAGGGATGGG,4
AGGTCCGAGGGTGTGT,2
AGGTCCGAGTGGGTTG,0
AGGTCCGCAACGATCT,0
AGGTCCGGTAAGGGAA,2
AGGTCCGTCCTCGCAT,2
AGTAGTCAGATATACG,2
AGTAGTCAGTCATGCT,0
AGTAGTCCAGCTCCGA,4
AGTAGTCGTACAAGTA,0
AGTAGTCGTGAGCGAT,0
AGTAGTCTCAGAGACG,0
AGTAGTCTCAGGATCT,2
AGTCTTTAGAGGTAGA,0
AGTCTTTCAGTCCTTC,0
AGTCTTTGTAAATGTG,0
AGTCTTTGTAAGGGCT,1
AGTCTTTGTCCATGAT,0
AGTCTTTGTTCGTCTC,1
AGTCTTTTCTCCCTGA,7
AGTGAGGCAAGAGGCT,1
AGTGAGGCAAGCCTAT,6
AGTGAGGCAGACGCAA,1
AGTGAGGCATGTAAGA,1
AGTGAGGGTCATGCCG,1
AGTGGGACAATCACAC,0
AGTGGGAGTGCCTGCA,1
AGTGGGAGTTTAGGAA,3
AGTGTCAAGGTGTGGT,0
AGTGTCACAGACAGGT,2
AGTGTCAGTACCTACA,1
AGTGTCAGTGATGCCC,4
AGTGTCAGTGTGCCTG,4
AGTGTCAGTTGCGCAC,0
AGTGTCATCCGAAGAG,3
AGTGTCATCCGGCACA,0
AGTGTCATCTATCCTA,4
AGTTGGTAGCTGAACG,1
AGTTGGTAGGTGCACA,0
AGTTGGTAGTTCCACA,4
AGTTGGTCAAATTGCC,0
AGTTGGTTCCCGGATG,0
ATAACGCGTCATATGC,2
ATAAGAGAGCTAGCCC,2
ATAAGAGAGCTCCTTC,0
ATAAGAGAGGGTGTGT,3
ATAAGAGCAGGACCCT,2
ATAAGAGCATAACCTG,6
ATAAGAGGTTAGTGGG,4
ATAAGAGGTTCCGTCT,2
ATAAGAGTCAGTGCAT,0
ATAAGAGTCCAGTAGT,1
ATAAGAGTCTAACTCT,0
ATAAGAGTCTTCAACT,2
ATAGACCGTCTAGAGG,0
ATAGACCTCACTATTC,0
ATAGACCTCCAAACAC,2
ATAGACCTCCCAACGG,1
ATCACGAAGCTAGGCA,0
ATCACGAAGGCAAAGA,7
ATCACGAAGTTACGGG,1
ATCACGACAGGATCGA,0
ATCACGAGTCCTAGCG,1
ATCACGAGTTCAGTAC,4
ATCACGAGTTGTGGAG,3
ATCACGATCCGAGCCA,1
ATCACGATCGCATGAT,0
ATCATCTAGTAGCGGT,1
ATCATCTCATCCTTGC,1
ATCATCTCATGACGGA,6
ATCATCTGTAAGAGGA,3
ATCATCTGTACCAGTT,0
ATCATCTGTAGGACAC,1
ATCATCTGTTAAAGTG,0
ATCATCTTCCGAACGC,3
ATCATCTTCGAACGGA,3
ATCATGGAGAGGTTGC,0
ATCATGGAGTTGTAGA,1
ATCATGGCAGCGTTCG,2
ATCATGGCATACTCTT,5
ATCATGGGTAAGGGCT,2
ATCATGGGTAGAGTGC,0
ATCATGGTCCTCAATT,4
ATCCACCAGCTAGTCT,2
ATCCACCAGTCATGCT,0
ATCCACCCACAAGACG,0
ATCCACCCACAGATTC,0
ATCCACCCAGACTCGC,1
ATCCACCCAGCCTTGG,4
ATCCACCGTACGAAAT,0
ATCCACCTCAACGGGA,2
ATCCACCTCCCACTTG,0
ATCCACCTCGCGGATC,0
ATCCGAAAGTTAGGTA,4
ATCCGAACATGTTCCC,0
ATCCGAAGTGGGTCAA,4
ATCCGAATCAGATAAG,4
ATCCGAATCCAGTAGT,7
ATCCGAATCGGAAATA,0
ATCCGAATCGGAGCAA,1
ATCCGAATCTACGAGT,0
ATCGAGTCAGACGCAA,1
ATCGAGTCAGGTGGAT,1
ATCGAGTGTTTAAGCC,4
ATCGAGTTCACAAACC,4
ATCGAGTTCCTCCTAG,1
ATCGAGTTCTTGCAAG,4
ATCTACTAGAAACCGC,1
ATCTACTCATGGATGG,1
ATCTACTGTGATGTCT,0
ATCTACTTCTCATTCA,0
ATCTGCCAGAGCTGCA,1
ATCTGCCCAACACGCC,2
ATCTGCCCAATAGCGG,6
ATCTGCCGTCTCTTTA,4
ATCTGCCGTTTGACTG,1
ATGAGGGAGAAGGTGA,0
ATGAGGGAGAGCTGGT,5
ATGAGGGCAAATTGCC,0
ATGAGGGTCAACACTG,1
ATGCGATAGGTGTGGT,2
ATGCGATAGTGGGATC,2
ATGCGATCAAATACAG,0
ATGCGATCAGTCACTA,1
ATGCGATGTAGAGGAA,3
ATGCGATGTTACGTCA,1
ATGCGATTCGCCTGTT,0
ATGGGAGAGGTGCTAG,3
ATGGGAGCAGGGTATG,4
ATGGGAGGTCGGCTCA,6
ATGGGAGTCACCTTAT,0
ATGGGAGTCAGAGCTT,0
ATGTGTGAGAGGTACC,0
ATGTGTGAGCAGCGTA,4
ATGTGTGCAATGCCAT,0
ATGTGTGCACCATGTA,2
ATGTGTGCAGATGGGT,3
ATGTGTGCATACAGCT,0
ATGTGTGCATGTCTCC,4
ATGTGTGGTCTAGAGG,5
ATGTGTGGTGGCCCTA,2
ATGTGTGTCAAGAAGT,2
ATGTGTGTCCAAACTG,3
ATGTGTGTCCACGAAT,0
ATTACTCCAGGAATCG,5
ATTACTCTCCGTCATC,0
ATTACTCTCTTTACGT,0
ATTATCCAGAAGATTC,1
ATTATCCAGGTCATCT,2
ATTATCCCATAGTAAG,5
ATTATCCGTCATATGC,3
ATTATCCGTGATAAAC,0
ATTATCCGTGGTCTCG,0
ATTATCCTCACTTATC,0
ATTCTACAGAGCCCAA,1
ATTCTACAGCCTATGT,0
ATTCTACCATAAAGGT,0
ATTCTACCATATACGC,0
ATTCTACGTCCGAATT,4
ATTCTACGTTTGCATG,0
ATTCTACTCAACGCTA,0
ATTGGACAGCTGTTCA,3
ATTGGACAGGCATGGT,0
ATTGGACGTCGAATCT,0
ATTGGACGTGTGAAAT,2
ATTGGACTCCGTCATC,1
ATTGGTGAGCGTGAGT,2
ATTGGTGAGTCGTTTG,0
ATTGGTGAGTGCCATT,1
ATTGGTGCACATCCAA,0
ATTGGTGCACCCAGTG,2
ATTGGTGCACCGCTAG,0
ATTGGTGCAGTGACAG,1
ATTGGTGCATGGTTGT,1
ATTGGTGGTATATCCG,0
ATTGGTGGTTGCCTCT,2
ATTGGTGTCAGAAATG,3
ATTGGTGTCGAATCCA,3
ATTGGTGTCGAATGGG,4
ATTGGTGTCGGCTTGG,6
ATTGGTGTCGTTGACA,1
ATTGGTGTCTAACTGG,2
ATTTCTGAGCAGGTCA,1
ATTTCTGAGCGTTCCG,1
ATTTCTGCAAATTGCC,4
ATTTCTGCATAGACTC,3
ATTTCTGCATTGAGCT,1
ATTTCTGGTAGGCATG,0
ATTTCTGTCTGGTATG,2
CAACCAAAGCGATGAC,0
CAACCAACACGAAACG,0
CAACCAAGTTGGTGGA,6
CAACCAATCAGTCCCT,1
CAACCAATCATCGGAT,2
CAACCAATCCGCATAA,0
CAACCAATCGCTTGTC,3
CAACCTCAGGTGCACA,0
CAACCTCAGTCCAGGA,3
CAACCTCCAACTGCTA,0
CAACCTCCAATGTTGC,1
CAACCTCCATGGTAGG,3
CAACCTCGTAGCGTGA,2
CAACCTCGTGTGGCTC,1
CAACCTCGTTGTTTGG,4
CAACCTCTCCGTAGTA,0
CAACCTCTCTCTAGGA,4
CAACTAGAGTTATCGC,1
CAACTAGCAGCTGTGC,1
CAACTAGTCTGAAAGA,2
CAACTAGTCTGACCTC,1
CAACTAGTCTGCGGCA,3
CAAGAAAAGGACAGAA,2
CAAGAAAAGGCACATG,6
CAAGAAAAGGTTACCT,0
CAAGAAACAGTAACGG,4
CAAGAAATCGCGTTTC,1
CAAGATCAGTGAAGAG,3
CAAGATCTCCTTGGTC,0
CAAGATCTCGGAAATA,0
CAAGGCCAGATATGCA,1
CAAGGCCAGTCAAGCG,0
CAAGGCCAGTGATCGG,0
CAAGGCCCATATGCTG,0
CAAGGCCGTGTTTGGT,4
CAAGTTGCACAGATTC,0
CAAGTTGCAGTATAAG,1
CAAGTTGCATCTCCCA,0
CAAGTTGGTAAGTTCC,0
CAAGTTGTCATCACCC,0
CACAAACAGAAACCAT,0
CACAAACCAATCACAC,0
CACAAACCACGGTTTA,5
CACAAACGTCATCCCT,1
CACAAACGTCTAGTCA,0
CACAAACTCTAACGGT,4
CACACAAAGAGGTTGC,5
CACACAACAAGTTGTC,0
CACACAACATCCGCGA,0
CACACAATCCAAACAC,2
CACACCTAGAGTTGGC,2
CACACCTCACGGCCAT,0
CACACCTCACTTGGAT,1
CACACTCCAATGGAGC,0
CACACTCCACAGCCCA,7
CACACTCCACATTCGA,0
CACACTCCAGATGGCA,2
CACACTCCATGTAAGA,3
CACACTCGTGAGGGTT,4
CACAGGCAGGAGCGAG,5
CACAGGCAGTGTTAGA,2
CACAGGCCAGCTGTGC,0
CACAGGCCAGTCAGCC,2
CACAGGCGTTAAGGGC,4
CACAGGCGTTGTACAC,3
CACAGGCTCCAGATCA,0
CACAGGCTCCATGCTC,0
CACAGTAAGATCACGG,0
CACAGTAAGTCAATAG,1
CACAGTAGTTCTGGTA,0
CACAGTATCAGCTCTC,3
CACATAGAGACTGGGT,1
CACATAGCAAACTGCT,1
CACATAGCACAGATTC,3
CACATAGCATACAGCT,6
CACATAGGTCTCCCTA,0
CACATAGTCGGCTTGG,0
CACATTTAGCCGATTT,0
CACATTTTCTGGGCCA,0
CACCACTAGTTAACGA,2
CACCACTCAAGTACCT,1
CACCACTCAGCTTCGG,1
CACCACTCATAGGATA,1
CACCACTGTAAGAGAG,0
CACCACTGTATCAGTC,1
CACCACTGTTATGTGC,2
CACCACTTCTCCCTGA,3
CACCAGGAGCACCGCT,0
CACCAGGAGCGTAGTG,3
CACCAGGAGGTGATAT,3
CACCAGGAGTGTACGG,4
CACCAGGCAAGGTGTG,5
CACCAGGGTAAAGTCA,3
CACCAGGGTACTTCTT,6
CACCAGGGTGCAGGTA,1
CACCAGGTCAGATAAG,1
CACCAGGTCCGGCACA,0
CACCAGGTCGACGGAA,0
CACCTTGAGAGAGCTC,1
CACCTTGAGCACCGCT,1
CACCTTGCAGGATCGA,6
CACCTTGCATGACGGA,0
CACCTTGGTGCCTGTG,0
CACCTTGTCACATGCA,1
CACTCCAAGAGAACAG,0
CACTCCAAGAGGGATA,3
CACTCCAAGGACGAAA,0
CACTCCACACGCTTTC,0
CACTCCACATAGTAAG,2
CACTCCACATCAGTAC,1
CACTCCAGTGATAAGT,1
CACTCCATCTGGGCCA,1
CAGAATCAGAACAATC,2
CAGAATCCACTTCGAA,1
CAGAATCCATTGGTAC,1
CAGAATCGTCCCTACT,5
CAGAATCGTCGGATCC,6
CAGAATCGTTGCGCAC,4
CAGAATCTCAACACGT,3
CAGAATCTCAGGCCCA,0
CAGAGAGCACGACGAA,2
CAGAGAGCACGGTAAG,0
CAGAGAGGTACTTAGC,1
CAGAGAGGTAGAGTGC,5
CAGAGAGGTCTAAACC,5
CAGAGAGGTTACGACT,3
CAGAGAGTCAGAGACG,2
CAGAGAGTCATAACCG,3
CAGAGAGTCTAGCACA,3
CAGATCAAGTCGAGTG,0
CAGATCACAAGCCGCT,4
CAGATCAGTCAGAAGC,1
CAGATCAGTGTAAGTA,1
CAGATCATCACAAACC,1
CAGATCATCAGCTTAG,1
CAGATCATCCACGTGG,0
CAGCAGCAGTTAACGA,4
CAGCAGCCAGGAATGC,1
CAGCAGCGTCGCTTCT,0
CAGCAGCTCTGTTTGT,1
CAGCATAAGAATAGGG,2
CAGCATAAGCGACGTA,2
CAGCATAAGTCATGCT,0
CAGCATACAATCTGCA,0
CAGCATACACAGGCCT,1
CAGCATACATAGTAAG,1
CAGCATAGTCATATGC,5
CAGCATAGTCTGGAGA,0
CAGCATATCGCTTAGA,0
CAGCATATCTTTACAC,1
CAGCCGAAGAAACGAG,2
CAGCCGACAAGCGATG,0
CAGCCGACACAACGCC,1
CAGCCGAGTCTAAAGA,0
CAGCCGATCGGTGTTA,0
CAGCCGATCTCCTATA,3
CAGCGACAGCCACGCT,5
CAGCGACAGTCGCCGT,5
CAGCGACCAGCCTATA,1
CAGCGACCATCATCCC,0
CAGCGACCATTGGGCC,2
CAGCGACGTAACGCGA,6
CAGCGACGTGAAATCA,1
CAGCGACGTTTGTGTG,1
CAGCGACTCGAGAGCA,1
CAGCTAAAGGCTAGCA,0
CAGCTAAAGTACGACG,0
CAGCTAACACGCTTTC,3
CAGCTAACACGGACAA,6
CAGCTAACATCGGACC,0
CAGCTAAGTAGAAAGG,1
CAGCTAAGTCTTTCAT,5
CAGCTAAGTGAAAGAG,4
CAGCTAAGTGTTTGTG,2
CAGCTGGAGACCGGAT,1
CAGCTGGAGTACGTTC,1
CAGCTGGAGTTGAGAT,1
CAGCTGGGTCAACATC,0
CAGCTGGTCAACCAAC,7
CAGGTGCAGAAACGAG,2
CAGGTGCAGATGTTAG,3
CAGGTGCAGGGAGTAA,1
CAGGTGCCACGTTGGC,3
CAGGTGCGTCTCTCGT,2
CAGGTGCTCATACGGT,3
CAGGTGCTCGAACTGT,3
CAGTAACAGGCTAGAC,6
CAGTAACCAAGCTGAG,2
CAGTAACCACCTTGTC,1
CAGTAACCATGCGCAC,0
CAGTAACCATGTCTCC,1
CAGTAACGTCATATCG,1
CAGTAACGTGGCAAAC,0
CAGTAACTCAAGCCTA,1
CAGTAACTCAATACCG,2
CAGTAACTCAGCTTAG,3
CAGTAACTCGTTACAG,1
CAGTCCTAGAAGGACA,3
CAGTCCTAGGCAGTCA,2
CAGTCCTAGGTGTTAA,2
CAGTCCTCAAAGGCGT,2
CAGTCCTCAAGGACTG,2
CAGTCCTCAGTGACAG,3
CAGTCCTGTAGCGCAA,3
CAGTCCTGTTCCCTTG,4
CAGTCCTTCCTTTACA,1
CAGTCCTTCGCGTAGC,0
CATATGGCACTTCTGC,4
CATATGGCACTTGGAT,1
CATATGGCATCGGTTA,0
CATATGGTCGTTTGCC,1
CATATTCAGCTAAACA,2
CATATTCCAAAGGTGC,0
CATATTCCAGGCTGAA,0
CATATTCCATACGCCG,2
CATATTCCATTTGCCC,0
CATATTCGTCAGAATA,1
CATATTCGTCTTTCAT,0
CATATTCGTTAGATGA,2
CATATTCTCATGTCCC,3
CATATTCTCCTTAATC,2
CATATTCTCTCTGAGA,1
CATCAAGCACCAGGTC,4
CATCAAGCATAAAGGT,3
CATCAAGGTGTTGGGA,3
CATCAAGTCTGCGGCA,0
CATCAGACACGGTTTA,2
CATCAGACAGTGAGTG,2
CATCAGAGTAAATGTG,2
CATCAGAGTGCCTGTG,2
CATCAGAGTGGAAAGA,0
CATCAGAGTTTAGCTG,0
CATCAGATCAGGATCT,2
CATCCACCATGTCGAT,5
CATCCACGTCTAACGT,1
CATCCACTCGCCATAA,1
CATCCACTCTTGAGGT,0
CATCGAAAGCGAGAAA,1
CATCGAAAGCGTGAGT,0
CATCGAAAGTACGACG,6
CATCGAACACTCAGGC,0
CATCGAACACTGTGTA,0
CATCGAACATGGTCAT,0
CATCGAAGTAAGTAGT,1
CATCGAATCTCTGCTG,3
CATCGGGAGGGCTTCC,0
CATCGGGGTGCGGTAA,2
CATCGGGGTGGTTTCA,0
CATCGGGTCAAGCCTA,1
CATCGGGTCAGAGACG,0
CATCGGGTCAGTTCGA,4
CATCGGGTCTCCCTGA,0
CATGACAAGGCTATCT,0
CATGACACAAACGCGA,3
CATGACACAAGAGTCG,3
CATGACACAATACGCT,3
CATGACACAATGAAAC,0
CATGACACAGGGTATG,1
CATGACAGTAGCTAAA,7
CATGACAGTGTGAATA,0
CATGACATCAAGGTAA,0
CATGCCTAGCGTCTAT,0
CATGCCTAGCTTATCG,0
CATGCCTAGTACGCCC,6
CATGCCTAGTTGCAGG,1
CATGCCTCACCTCGTT,3
CATGCCTCAGTAAGCG,1
CATGCCTCAGTATCTG,0
CATGCCTCATCCTAGA,1
CATGCCTGTGCCTGCA,1
CATGCCTGTGGGTCAA,0
CATGGCGAGCAGACTG,2
CATGGCGAGGGAACGG,4
CATGGCGAGGGCTCTC,1
CATGGCGCAAGCTGAG,2
CATGGCGCAATGGACG,1
CATGGCGGTCCAAGTT,4
CATGGCGTCCCTTGTG,0
CATGGCGTCGAATCCA,0
CATGGCGTCTAAGCCA,3
CATGGCGTCTATCCCG,0
CATTATCAGGACCACA,0
CATTATCAGGGAGTAA,0
CATTATCAGTCTCAAC,1
CATTATCCAAGCGAGT,0
CATTATCCACGGCGTT,0
CATTATCCATGTTCCC,0
CATTATCGTACACCGC,0
CATTATCGTAGCGCTC,3
CATTATCTCATGTCTT,3
CATTCGCAGGGTTTCT,6
CATTCGCAGTGGGATC,1
CATTCGCCAATTCCTT,2
CATTCGCCACGAAATA,0
CATTCGCCACGAGGTA,3
CATTCGCCAGATTGCT,2
CATTCGCCAGTATGCT,0
CATTCGCTCACCTCGT,4
CATTCGCTCGTTACGA,3
CATTCGCTCTATCGCC,1
CCAATCCAGAGCTGGT,3
CCAATCCCAGACAAAT,2
CCACCTAAGCAGCGTA,0
CCACCTAAGTCCATAC,1
CCACCTAAGTTACGGG,2
CCACCTACAGCGTAAG,3
CCACCTAGTAAAGTCA,1
CCACCTAGTTAAAGAC,1
CCACCTATCTACTTAC,0
CCACCTATCTGGTTCC,5
CCACCTATCTGTTTGT,4
CCACCTATCTTTACAC,0
CCACGGACACATTTCT,0
CCACGGACAGGAATGC,2
CCACGGACAGTATAAG,1
CCACGGACATGGTAGG,0
CCACGGAGTGAAGGCT,1
CCACGGAGTGTGGCTC,2
CCACGGATCAGTGTTG,5
CCACGGATCCGCAAGC,0
CCACGGATCGTCCAGG,4
CCACTACAGGTGCACA,4
CCACTACGTTCCATGA,3
CCACTACTCGTTGCCT,4
CCAGCGAAGAGAACAG,7
CCAGCGAAGTACATGA,4
CCAGCGACATAGACTC,2
CCAGCGACATGCATGT,1
CCAGCGAGTATATCCG,2
CCAGCGAGTCCAGTTA,4
CCAGCGATCAGAAATG,0
CCAGCGATCTTCTGGC,0
CCATGTCAGGTGATTA,3
CCATGTCAGTGGAGTC,1
CCATGTCCACTGTCGG,3
CCATGTCCACTTAAGC,0
CCATGTCGTAAGGGAA,2
CCATGTCGTATATCCG,3
CCATGTCTCCTAGAAC,2
CCATGTCTCGAATCCA,1
CCATGTCTCTCGCATC,2
CCATTCGAGATAGCAT,5
CCATTCGAGCCCAACC,0
CCATTCGCAAGGTTTC,1
CCATTCGGTGACAAAT,3
CCATTCGGTGCACTTA,2
CCATTCGGTGGCTCCA,3
CCATTCGGTTAAAGTG,1
CCATTCGTCTCTTGAT,0
CCATTCGTCTTGCAAG,7
CCCAATCAGATGTGTA,1
CCCAATCCAAGGGTCA,2
CCCAATCCACGAGAGT,2
CCCAATCCAGGCTGAA,5
CCCAATCGTCTAGCGC,1
CCCAATCGTGAAAGAG,2
CCCAATCTCTTCCTTC,0
CCCAGTTCACATTTCT,1
CCCAGTTCAGCCTTGG,6
CCCAGTTCATTATCTC,1
CCCAGTTGTACCGGCT,7
CCCAGTTTCAGGCAAG,6
CCCAGTTTCATGCATG,0
CCCAGTTTCTCTGAGA,7
CCCATACAGAAGGCCT,0
CCCATACAGGATTCGG,0
CCCATACAGTCGTTTG,0
CCCATACCACCGAAAG,0
CCCATACCAGACAGGT,4
CCCATACGTAGCACGA,0
CCCATACTCTCCCTGA,3
CCCTCCTAGCGCTTAT,0
CCCTCCTAGTACACCT,4
CCCTCCTCAAGTACCT,1
CCCTCCTGTAGAAAGG,1
CCCTCCTGTCTCAACA,3
CCCTCCTTCCCTAATT,0
CCCTCCTTCCTATTCA,6
CCCTCCTTCGGCCGAT,3
CCGGGATCAAGTTAAG,2
CCGGGATCATCCCACT,0
CCGGGATTCAGCACAT,0
CCGGTAGAGATCTGCT,5
CCGGTAGAGCTAGTGG,2
CCGGTAGAGGAGCGTT,0
CCGGTAGAGGCAGGTT,6
CCGGTAGCAAGCCATT,1
CCGGTAGCACGGTGTC,1
CCGGTAGGTGCAACGA,2
CCGGTAGTCAAGATCC,0
CCGGTAGTCTGTCTCG,1
CCGTACTCACTACAGT,3
CCGTACTCAGGCAGTA,0
CCGTACTCATCGATTG,0
CCGTACTTCAGTACGT,2
CCGTGGACACATGGGA,6
CCGTGGACAGCTCGAC,0
CCGTGGAGTACTTAGC,2
CCGTGGAGTTGCTCCT,5
CCGTGGATCTAGAGTC,2
CCGTTCAAGCAAATCA,4
CCGTTCACAGCTGCTG,4
CCGTTCACAGTCGATT,0
CCGTTCACATCACGTA,4
CCGTTCAGTAGGCATG,1
CCGTTCATCAAAGACA,1
CCGTTCATCGTTTGCC,3
CCGTTCATCTCGCTTG,0
CCTAAAGAGAACTGTA,4
CCTAAAGAGTTTGCGT,0
CCTAAAGCACGTAAGG,0
CCTAAAGCATCGGACC,4
CCTAAAGGTCGGCATC,4
CCTAAAGTCGGTCCGA,0
CCTAAAGTCGTTTATC,3
CCTACACCAAACGTGG,2
CCTACACCAAGCTGAG,2
CCTACACCAAGCTGTT,0
CCTACACGTAACGTTC,1
CCTACACGTGAGCGAT,2
CCTACACGTTAAGACA,4
CCTACACGTTCCCGAG,0
CCTACACTCCTGCTTG,1
CCTACACTCGGCGCAT,2
CCTACCAAGCGAAGGG,3
CCTACCAAGGCTATCT,3
CCTACCAAGTGCGTGA,1
CCTACCACACAACGTT,1
CCTACCACACTAAGTC,1
CCTACCACAGCTGTTA,4
CCTACCACATCGGGTC,1
CCTACCACATGAGCGA,0
CCTACCATCCAGTATG,0
CCTACCATCCATGAAC,6
CCTACCATCCGCATCT,1
CCTACCATCCTAGTGA,0
CCTAGCTCACCACCAG,3
CCTATTAAGAGTCGGT,2
CCTATTAAGTTGAGTA,0
CCTATTAGTAGCGTCC,0
CCTATTAGTGTGCCTG,0
CCTATTATCTCGCATC,3
CCTCAGTCAGTGGAGT,5
CCTCAGTGTGATAAGT,5
CCTCAGTTCGGTGTTA,2
CCTCTGAAGATCCTGT,3
CCTCTGAAGATGTAAC,3
CCTCTGAGTTTGTTGG,3
CCTCTGATCATAACCG,1
CCTCTGATCATGCAAC,0
CCTCTGATCGTTTGCC,1
CCTCTGATCTTCTGGC,2
CCTTACGAGAAGAAGC,2
CCTTACGAGACGCACA,1
CCTTCCCAGAGTGAGA,2
CCTTCCCAGTTTGCGT,0
CCTTCCCCACACCGCA,0
CCTTCCCCAGACGCAA,0
CCTTCCCGTAGCTAAA,2
CCTTCCCGTGTGCGTC,1
CCTTCCCGTTCTGTTT,1
CCTTCCCTCCACGTGG,1
CCTTCGAAGGCTAGAC,0
CCTTCGAAGTGTTAGA,1
CCTTCGAAGTTCGCGC,1
CCTTCGACAAGAAAGG,0
CCTTCGATCACTCCTG,2
CCTTTCTAGTCGCCGT,1
CCTTTCTGTTCGTGAT,0
CCTTTCTTCAGCACAT,0
CCTTTCTTCTGCCAGG,1
CCTTTCTTCTGCTGTC,0
CGAACATAGACACTAA,0
CGAACATAGCTATGCT,1
CGAACATAGCTTATCG,1
CGAACATAGGCGACAT,3
CGAACATAGTACGCGA,7
CGAACATGTCCAGTAT,1
CGAACATGTCTAAACC,0
CGAACATGTTGCTCCT,2
CGAACATTCTTCAACT,4
CGAATGTAGCGTAATA,3
CGAATGTAGTTGAGAT,2
CGAATGTGTACGACCC,0
CGAATGTGTCCAGTAT,0
CGAATGTGTTCAGCGC,0
CGAATGTTCGTACGGC,0
CGAATGTTCTAAGCCA,1
CGAATGTTCTATCCCG,0
CGAATGTTCTTTCCTC,1
CGACCTTAGCTCTCGG,1
CGACCTTAGCTGTTCA,5
CGACCTTCACAGCGTC,4
CGACCTTCAGCCTTGG,0
CGACCTTCATCCTAGA,1
CGACCTTGTATCACCA,5
CGACCTTTCAATCACG,1
CGACCTTTCATTGCGA,0
CGACCTTTCGCATGGC,1
CGACCTTTCTGCAAGT,3
CGACTTCAGATAGTCA,6
CGACTTCCAGATCCAT,2
CGACTTCGTCTGCGGT,1
CGACTTCGTTTCCACC,0
CGACTTCTCAATCTCT,1
CGACTTCTCACATAGC,2
CGAGAAGAGATGTAAC,1
CGAGAAGCATATACCG,1
CGAGAAGGTTACCAGT,0
CGAGAAGGTTCAGGCC,0
CGAGAAGTCACAGTAC,1
CGAGAAGTCATCGATG,3
CGAGCACAGGCTATCT,1
CGAGCACCAAGGTGTG,2
CGAGCACCAGCTGGCT,5
CGAGCACTCAAACGGG,0
CGAGCACTCATCGCTC,0
CGAGCACTCGAGCCCA,1
CGAGCACTCGCCTGAG,0
CGAGCCAAGCTGCCCA,3
CGAGCCAAGGATCGCA,5
CGAGCCAAGGATGCGT,1
CGAGCCAAGGTTACCT,1
CGAGCCAAGTACGCGA,0
CGAGCCAAGTTGCAGG,1
CGAGCCACAATGAATG,3
CGAGCCACACCAACCG,0
CGAGCCAGTTACGCGC,2
CGAGCCAGTTGGTAAA,6
CGAGCCATCAATACCG,1
CGAGCCATCCCGGATG,0
CGAGCCATCGAACGGA,3
CGAGCCATCGGCGCAT,6
CGATCGGAGAATGTTG,6
CGATCGGAGAGTCGGT,1
CGATCGGAGCTAGTCT,1
CGATCGGCAATCACAC,1
CGATCGGCACATTCGA,0
CGATCGGCACCTGGTG,5
CGATCGGCATGCTAGT,1
CGATCGGCATTTCACT,1
CGATCGGGTAACGCGA,0
CGATCGGGTAGATTAG,0
CGATCGGGTAGCTTGT,2
CGATCGGGTTCCACTC,0
CGATGGCAGACGACGT,7
CGATGGCCAAACTGTC,1
CGATGGCCACGACTCG,1
CGATGGCTCGCCATAA,1
CGATGTAAGTACGTTC,0
CGATGTACACAGCGTC,2
CGATGTACATTGAGCT,3
CGATGTAGTGGTAACG,0
CGATGTAGTGTCAATC,3
CGATGTAGTTCCACTC,1
CGATGTATCACGGTTA,2
CGATTGAGTTGTCTTT,6
CGATTGATCTGGCGAC,0
CGCCAAGCAGCGTTCG,0
CGCCAAGCAGTTAACC,0
CGCCAAGCATATGAGA,5
CGCCAAGTCCTCGCAT,3
CGCGGTACATGCTGGC,0
CGCGGTACATGTCTCC,1
CGCGGTAGTCTCCACT,0
CGCGGTAGTGACTCAT,2
CGCGGTATCGACAGCC,1
CGCGGTATCTATCGCC,0
CGCGTTTGTGTGCGTC,1
CGCTATCAGACAGGCT,1
CGCTATCAGCGAAGGG,0
CGCTATCCACGGCGTT,1
CGCTATCTCACCATAG,1
CGCTATCTCATACGGT,4
CGCTGGAAGACCCACC,4
CGCTGGAAGAGCAATT,1
CGCTGGAAGATGGCGT,1
CGCTGGAAGGGTGTGT,0
CGCTGGACAGCCTTGG,0
CGCTGGAGTCCCTTGT,0
CGCTGGAGTGTTAAGA,0
CGCTGGATCATAAAGG,4
CGCTTCAAGTGTACGG,1
CGCTTCACAAAGGTGC,1
CGCTTCACAACTGCTA,1
CGCTTCACACATGACT,0
CGCTTCACACGAAATA,0
CGCTTCACATCACGAT,3
CGCTTCACATGGTTGT,0
CGCTTCAGTAGCAAAT,4
CGCTTCAGTTACGTCA,0
CGCTTCATCAAGAAGT,4
CGGACACAGACTTTCG,2
CGGACACAGCTAAGAT,0
CGGACACAGCTAGTTC,3
CGGACACAGGCTACGA,6
CGGACACAGGTAGCTG,0
CGGACACGTTCGTCTC,6
CGGACGTAGAGGTACC,3
CGGACGTAGCAGATCG,3
CGGACGTCACGGCCAT,1
CGGACGTTCAACCATG,0
CGGACGTTCCGGCACA,0
CGGACGTTCTGCAAGT,3
CGGACTGCACCCATTC,0
CGGACTGCACTGAAGG,1
CGGACTGCAGGATCGA,0
CGGACTGCATGTAAGA,2
CGGACTGGTTCCAACA,1
CGGACTGTCAGCAACT,0
CGGACTGTCATGGTCA,3
CGGACTGTCCACGTGG,0
CGGAGCTCACCGATAT,0
CGGAGCTGTACAGTTC,4
CGGAGCTGTACCGGCT,1
CGGAGCTGTTCTGGTA,0
CGGAGTCAGGCCCTTG,3
CGGAGTCCAACTGGCC,1
CGGAGTCCAAGGTTTC,4
CGGAGTCCAATCCGAT,0
CGGAGTCCAGACACTT,3
CGGAGTCCAGGATCGA,5
CGGAGTCCAGTGGGAT,0
CGGAGTCCATGTAGTC,1
CGGAGTCCATGTCTCC,0
CGGAGTCGTAGGGTAC,2
CGGAGTCGTGTAACGG,1
CGGAGTCGTGTTCGAT,0
CGGAGTCTCATATCGG,0
CGGAGTCTCCTAGTGA,1
CGGAGTCTCTGTACGA,2
CGGCTAGAGAGTTGGC,0
CGGCTAGAGGTAGCCA,4
CGGCTAGAGTGTCTCA,7
CGGCTAGCAGTTAACC,2
CGGCTAGCATGCTAGT,0
CGGCTAGGTCGACTGC,3
CGGCTAGGTGTGACGA,1
CGGCTAGTCTCGTTTA,1
CGGCTAGTCTGCAGTA,1
CGGGTCAAGATCCCGC,4
CGGGTCAGTCGGCTCA,1
CGGGTCATCCTATGTT,1
CGGTTAAAGGGCATGT,6
CGGTTAAAGTAGATGT,3
CGGTTAACAAGACGTG,4
CGGTTAACAATGACCT,1
CGGTTAACACTTAAGC,1
CGGTTAACAGCGTCCA,2
CGGTTAACAGTAAGAT,0
CGGTTAAGTAGCCTAT,4
CGGTTAAGTCGCGGTT,1
CGGTTAAGTGGTCCGT,0
CGGTTAATCTCCCTGA,4
CGGTTAATCTTGTATC,0
CGTAGCGAGCACACAG,5
CGTAGCGAGCCCAGCT,1
CGTAGCGAGGACATTA,3
CGTAGCGAGTGGTCCC,1
CGTAGCGCAAGGCTCC,0
CGTAGCGCAATAGAGT,5
CGTAGCGCACCGAAAG,1
CGTAGCGCATCTGGTA,1
CGTAGCGCATGCATGT,1
CGTAGCGCATGGGAAC,3
CGTAGCGCATGTCTCC,3
CGTAGCGGTAGGGTAC,1
CGTAGCGGTCCAAGTT,4
CGTAGCGGTTATGCGT,1
CGTAGCGGTTCCAACA,0
CGTAGCGGTTGGTAAA,4
CGTAGGCAGAGCTGGT,1
CGTAGGCAGGCTCAGA,3
CGTAGGCAGTGAACGC,3
CGTAGGCAGTTCGCGC,2
CGTAGGCCAGCAGTTT,3
CGTAGGCGTCCTGCTT,3
CGTAGGCGTTAGGGTG,4
CGTAGGCTCATGTCCC,3
CGTCACTAGACCACGA,7
CGTCACTAGAGACTTA,4
CGTCACTAGAGTAAGG,2
CGTCACTAGCCTTGAT,0
CGTCACTAGTCAATAG,3
CGTCACTCAGGATCGA,0
CGTCACTCAGTAAGCG,0
CGTCACTGTCTTCGTC,0
CGTCACTGTTCGGGCT,6
CGTCACTTCCTATTCA,4
CGTCAGGAGATGAGAG,3
CGTCAGGAGCGTCTAT,4
CGTCAGGGTACAGCAG,3
CGTCAGGGTGTTAAGA,4
CGTCAGGGTTTGACAC,0
CGTCAGGTCAAAGTAG,2
CGTCAGGTCAGTTGAC,7
CGTCAGGTCCCGACTT,3
CGTCCATAGAAAGTGG,0
CGTCCATCACTCTGTC,0
CGTCCATGTGAAAGAG,1
CGTCCATTCGCGCCAA,1
CGTCCATTCTGGTATG,4
CGTCTACAGTAGCCGA,2
CGTCTACGTCACTGGC,0
CGTGAGCAGGCAAAGA,1
CGTGAGCAGGGTCTCC,1
CGTGAGCCAAGGTTTC,0
CGTGAGCCATCAGTAC,0
CGTGAGCCATGTTCCC,1
CGTGAGCGTACACCGC,1
CGTGAGCGTCAGCTAT,1
CGTGAGCGTTCCACAA,3
CGTGAGCTCAAACGGG,1
CGTGAGCTCCCACTTG,0
CGTGAGCTCGGTTCGG,0
CGTGAGCTCTGCTGCT,1
CGTGTAACACGGCGTT,5
CGTGTAAGTCTGATCA,1
CGTGTAATCAAACGGG,2
CGTGTAATCAGGCCCA,5
CGTGTCTAGGAGTCTG,0
CGTGTCTAGGCAGTCA,2
CGTGTCTAGTCCTCCT,4
CGTGTCTCAGCTATTG,1
CGTGTCTGTCTAACGT,2
CGTGTCTGTTTGTTGG,5
CGTGTCTTCAAACCGT,2
CGTGTCTTCCGTTGCT,0
CGTTAGAAGCGTTTAC,6
CGTTAGAGTAAGGGAA,4
CGTTAGAGTAAGTGGC,0
CGTTAGAGTTAGGGTG,3
CGTTAGATCAGGCCCA,6
CGTTAGATCGCCGTGA,0
CGTTCTGCACAACGTT,0
CGTTCTGCAGGATCGA,1
CGTTCTGCATCGGTTA,1
CGTTCTGCATTCACTT,0
CGTTCTGGTTCCATGA,0
CGTTCTGTCACAATGC,2
CGTTCTGTCACCTTAT,0
CGTTGGGAGAGTACAT,1
CGTTGGGAGCCTATGT,0
CGTTGGGAGTCAAGCG,1
CGTTGGGCACCGAAAG,0
CGTTGGGCAGAGTGTG,1
CGTTGGGGTATCAGTC,0
CGTTGGGGTCGAACAG,0
CGTTGGGGTTGAGGTG,6
CGTTGGGTCAACACAC,3
CGTTGGGTCACTTCAT,0
CTAACTTAGATTACCC,1
CTAACTTAGCGATAGC,5
CTAACTTGTGATGTCT,0
CTAACTTGTTCTGGTA,1
CTAAGACAGTCATGCT,0
CTAAGACCAATGGATA,0
CTAAGACCAGTTAACC,0
CTAAGACCATTCGACA,1
CTAATGGAGGCGTACA,3
CTAATGGCAAGTTCTG,0
CTAATGGCAGCTCGAC,0
CTAATGGCATGGTTGT,4
CTAATGGGTAAATGAC,2
CTAATGGGTAAGAGAG,5
CTACACCAGAGACGAA,2
CTACACCAGGACCACA,2
CTACACCGTAATCACC,1
CTACACCGTTACAGAA,3
CTACACCTCGGATGTT,1
CTACATTAGAGTGACC,3
CTACATTCAATGGAAT,1
CTACATTGTAAGTGTA,3
CTACATTTCTTCCTTC,0
CTACCCAAGTCGTACT,1
CTACCCACACAAGACG,3
CTACCCACACCACGTG,0
CTACCCACAGCTCCGA,5
CTACCCAGTCAGGACA,3
CTACCCAGTGATGCCC,1
CTACCCAGTTTGTTTC,4
CTACCCATCGGAAACG,0
CTACCCATCTGATACG,0
CTACGTCAGACATAAC,0
CTACGTCCAAAGTGCG,0
CTACGTCCAATAGAGT,1
CTACGTCCATGAACCT,3
CTACGTCCATTACCTT,0
CTACGTCGTGCGATAG,7
CTACGTCTCGCATGGC,1
CTAGAGTAGAGGTAGA,1
CTAGAGTCACATGGGA,0
CTAGAGTCATTATCTC,6
CTAGAGTGTCACTTCC,7
CTAGAGTGTCCAGTAT,1
CTAGCCTAGGACAGCT,1
CTAGCCTAGGCTAGCA,0
CTAGCCTCACTTAAGC,1
CTAGCCTCATACTCTT,1
CTAGCCTGTTGCGTTA,0
CTAGCCTGTTGTGGAG,2
CTAGCCTTCACTCCTG,0
CTAGTGAAGATCCTGT,6
CTAGTGAAGCCCAGCT,2
CTAGTGACAGAGTGTG,4
CTAGTGAGTGACAAAT,7
CTAGTGAGTGGCTCCA,0
CTAGTGATCACGGTTA,1
CTCACACAGCCCAACC,0
CTCACACAGCGTCTAT,3
CTCACACCACATTAGC,7
CTCACACCATCTCGCT,0
CTCAGAACATAAGACA,2
CTCAGAAGTCTCTCGT,1
CTCAGAATCACTTACT,7
CTCAGAATCCATGAGT,1
CTCAGAATCGCCAGCA,0
CTCATTAAGAGACGAA,2
CTCATTAAGGCTACGA,0
CTCATTAGTAGAGGAA,1
CTCATTAGTATCACCA,2
CTCATTAGTATGGTTC,7
CTCATTAGTATTCTCT,1
CTCATTAGTGTAAGTA,5
CTCATTATCACCAGGC,4
CTCATTATCGTCCGTT,4
CTCCTAGAGGAATGGA,3
CTCCTAGAGGTGACCA,1
CTCCTAGAGTCACGCC,0
CTCCTAGAGTTGTCGT,4
CTCCTAGCAATCAGAA,1
CTCCTAGCAGTCTTCC,1
CTCCTAGGTAGTAGTA,3
CTCCTAGGTCAATGTC,1
CTCCTAGGTTACAGAA,4
CTCCTAGGTTGTGGCC,4
CTCCTAGTCTATCCTA,4
CTCGAAAAGAAACGAG,4
CTCGAAAAGGGTCGAT,0
CTCGAAAAGTCCGGTC,1
CTCGAAACAAGGTGTG,0
CTCGAAACACAAGCCC,3
CTCGAAACATCCGGGT,2
CTCGAAAGTAAGGATT,0
CTCGAAAGTACAAGTA,1
CTCGAAAGTTATGTGC,3
CTCGAAATCAGATAAG,0
CTCGAAATCCTAGGGC,0
CTCGAGGAGCTGTTCA,0
CTCGAGGCAAATCCGT,0
CTCGAGGCACGGCGTT,2
CTCGAGGGTCGACTAT,0
CTCGAGGGTGTGCGTC,0
CTCGAGGTCCGGGTGT,1
CTCGGAGAGGAGTCTG,1
CTCGGAGAGTGTACGG,5
CTCGGAGCACGGTTTA,3
CTCGGAGTCTGGAGCC,2
CTCGGGAAGACCTTTG,1
CTCGGGAAGCGTAATA,1
CTCGGGAAGTAGATGT,1
CTCGGGAAGTGGCACA,0
CTCGGGATCAACGGCC,1
CTCGTACAGGCTATCT,1
CTCGTACCAACGATCT,6
CTCGTACCACCGATAT,0
CTCGTACGTAGCGTGA,4
CTCGTACGTGTGAATA,1
CTCGTACTCAAGATCC,0
CTCGTCACACTAGTAC,5
CTCGTCACAGATGGGT,4
CTCGTCAGTAACGTTC,0
CTCGTCAGTCGAGATG,0
CTCGTCAGTCTAGTGT,5
CTCGTCATCATGCTCC,0
CTCTAATAGCACAGGT,5
CTCTAATAGTACATGA,2
CTCTAATCACGGCGTT,1
CTCTAATCAGCGTTCG,6
CTCTAATGTGGTGTAG,1
CTCTAATGTTAGAACA,2
CTCTAATTCAACGCTA,5
CTCTAATTCCGAATGT,0
CTCTACGGTAGCTAAA,3
CTCTACGGTGCTGTAT,1
CTCTACGGTTAAGGGC,1
CTCTACGTCACTGGGC,0
CTCTACGTCTAACCGA,1
CTCTGGTAGCAGATCG,1
CTCTGGTAGTATTGGA,3
CTCTGGTAGTTAGGTA,2
CTCTGGTCATAACCTG,0
CTCTGGTCATGACATC,1
CTCTGGTGTCCGACGT,0
CTCTGGTGTCTGCCAG,0
CTCTGGTTCGTGGTCG,3
CTCTGGTTCTTTACGT,3
CTGAAACCAAGCGTAG,1
CTGAAACCACGCATCG,1
CTGAAACCAGGATTGG,0
CTGAAACGTAAGGGAA,1
CTGAAACGTATGGTTC,1
CTGAAACGTCATGCAT,0
CTGAAACTCGTTACGA,0
CTGAAGTAGATACACA,2
CTGAAGTGTCAGAAGC,0
CTGAAGTTCCCTGACT,0
CTGAAGTTCCTCAATT,1
CTGATAGAGACCGGAT,1
CTGATAGAGGCGACAT,3
CTGATAGCACACCGAC,1
CTGATAGGTACCGTTA,3
CTGATAGGTCATGCAT,4
CTGATCCAGGATGCGT,2
CTGATCCAGTCTCAAC,4
CTGATCCCATCCGGGT,2
CTGATCCGTGCGATAG,6
CTGATCCGTTACTGAC,0
CTGATCCGTTCAGTAC,1
CTGATCCTCACTCCTG,0
CTGCCTAAGCTAGCCC,0
CTGCCTAAGTTACGGG,0
CTGCCTAGTAAATACG,1
CTGCCTAGTCGCGAAA,2
CTGCCTAGTCTGCGGT,1
CTGCCTAGTTGGTTTG,2
CTGCCTATCCTCATTA,4
CTGCGGAAGAGCTATA,0
CTGCGGATCACAGTAC,1
CTGCTGTCACAGACAG,0
CTGCTGTCACTGTTAG,2
CTGCTGTCAGCGTAAG,3
CTGCTGTGTCTCTTTA,0
CTGCTGTTCCAATGGT,1
CTGCTGTTCGAGAGCA,1
CTGCTGTTCTCGCATC,0
CTGGTCTCAACGATCT,5
CTGGTCTCACATTCGA,3
CTGGTCTCACTGAAGG,1
CTGGTCTTCACAGGCC,0
CTGGTCTTCCTCCTAG,0
CTGGTCTTCTAACTGG,0
CTGTGCTAGCAACGGT,1
CTGTGCTAGCTAAGAT,0
CTGTGCTAGGGTGTTG,5
CTGTGCTCACTTAACG,3
CTGTGCTGTAACGTTC,1
CTGTGCTGTTAAGAAC,3
CTGTTTAAGACCCACC,1
CTGTTTAAGAGATGAG,2
CTGTTTAAGGGAACGG,1
CTGTTTACAGATTGCT,1
CTGTTTACATCCAACA,0
CTGTTTACATCCGCGA,0
CTGTTTAGTACGAAAT,2
CTGTTTAGTAGGAGTC,1
CTGTTTAGTCAGCTAT,1
CTGTTTAGTCATACTG,0
CTGTTTAGTTGAGGTG,5
CTGTTTATCACTTATC,7
CTGTTTATCCTGCAGG,1
CTTAACTAGCTTCGCG,0
CTTAACTAGTGACATA,7
CTTAACTCAGTCCTTC,0
CTTAACTCATGCAATC,0
CTTAACTGTCAGTGGA,0
CTTAACTGTGACAAAT,3
CTTAACTGTGTATGGG,4
CTTAACTTCACCCTCA,2
CTTAACTTCTAGAGTC,4
CTTACCGCATACAGCT,0
CTTACCGGTCTAGGTT,6
CTTACCGGTGCCTGCA,2
CTTAGGAAGCCATCGC,2
CTTAGGACAAGCCATT,6
CTTAGGACAGAGTGTG,6
CTTAGGAGTACTCGCG,0
CTTAGGAGTCAAGCGA,3
CTTAGGAGTCCCGACA,1
CTTAGGAGTTCCACGG,2
CTTAGGATCCTCATTA,2
CTTCTCTAGAGGGCTT,1
CTTCTCTAGCTGAAAT,0
CTTCTCTCAATGAAAC,0
CTTCTCTCATGCCTTC,0
CTTCTCTGTACTCGCG,1
CTTCTCTGTTTGTGTG,0
CTTCTCTTCAAAGTAG,4
CTTCTCTTCAATCACG,4
CTTGGCTAGCGCTCCA,3
CTTGGCTAGTGTTAGA,2
CTTGGCTCACCACGTG,2
CTTGGCTCAGATCCAT,0
CTTGGCTGTAAACACA,5
CTTGGCTGTCTGGAGA,0
CTTGGCTTCCGCGGTA,2
CTTTGCGCACCACCAG,3
CTTTGCGGTAGTGAAT,0
CTTTGCGTCGTCCAGG,1
GAAACTCAGTCTTGCA,0
GAAACTCAGTGCGATG,0
GAAACTCCACAAGCCC,1
GAAACTCCAGTATGCT,6
GAAACTCGTAATCGTC,1
GAAACTCGTGGGTATG,0
GAAACTCGTTACGTCA,2
GAAACTCTCATGCATG,4
GAAATGAAGTACGTTC,0
GAAATGACACATGACT,2
GAAATGACACCAACCG,0
GAAATGACAGGTCGTC,2
GAAATGACATGGTCTA,0
GAAATGAGTAGTAGTA,4
GAAATGATCCTATGTT,3
GAACATCAGACAAAGG,0
GAACATCAGGTGATAT,7
GAACATCCAATCGAAA,1
GAACATCCAATGGAGC,2
GAACATCCATTTCAGG,2
GAACATCTCAGTACGT,2
GAACATCTCATTGCGA,3
GAACATCTCCTGTACC,0
GAACATCTCGTAGGTT,6
GAACCTAAGATACACA,2
GAACCTAAGTGGTCCC,6
GAACCTACAGCGTTCG,2
GAACCTACATTACCTT,2
GAACCTAGTTGTACAC,3
GAACCTATCAGCTCGG,0
GAACCTATCCCACTTG,2
GAACCTATCTCATTCA,1
GAACGGAGTTACCGAT,1
GAACGGATCAATACCG,1
GAACGGATCCCTTGCA,0
GAACGGATCGCTGATA,0
GAACGGATCGGATGTT,2
GAACGGATCGGCATCG,0
GAACGGATCTGCCCTA,1
GAACGGATCTGGAGCC,1
GAAGCAGAGTCGAGTG,0
GAAGCAGAGTGTTAGA,4
GAAGCAGCAACTTGAC,0
GAAGCAGCACGAAGCA,1
GAAGCAGCAGCCACCA,3
GAAGCAGGTTAAGTAG,2
GAAGCAGTCATGGTCA,2
GAAGCAGTCCTCGCAT,0
GAATAAGAGCGTTGCC,1
GAATAAGAGTAGATGT,5
GAATAAGCAAGAAGAG,2
GAATAAGCAAGACGTG,0
GAATAAGCAAGCCTAT,2
GAATAAGCATGGTAGG,0
GAATAAGCATTAACCG,0
GAATAAGTCATCTGCC,4
GAATAAGTCTTGAGAC,3
GAATGAAAGACAATAC,7
GAATGAAAGAGCCCAA,0
GAATGAACACGGTGTC,1
GAATGAACAGATGGGT,3
GAATGAATCAAAGTAG,1
GAATGAATCCGATATG,2
GAATGAATCCTAAGTG,3
GAATGAATCGCAGGCT,1
GAATGAATCGGGAGTA,4
GAATGAATCTCCGGTT,2
GACACGCAGCGTAATA,1
GACACGCCATGCCTAA,6
GACACGCGTAGCGCAA,0
GACACGCGTCCAGTGC,2
GACACGCGTGTATGGG,0
GACACGCGTTACCAGT,1
GACACGCTCCGAGCCA,0
GACAGAGAGACCACGA,0
GACAGAGCACGGCTAC,2
GACAGAGCAGACAAAT,1
GACAGAGCATTTGCCC,0
GACAGAGGTCTCACCT,0
GACAGAGGTGGCTCCA,0
GACAGAGGTTCAGGCC,6
GACAGAGGTTCTGTTT,1
GACCAATAGCTGCCCA,2
GACCAATAGGACAGCT,1
GACCAATAGTCACGCC,2
GACCAATCACATCCGG,2
GACCAATCACGTTGGC,4
GACCAATCAGCCACCA,4
GACCAATCATCACAAC,6
GACCAATGTCATTAGC,3
GACCTGGAGTTGAGTA,4
GACCTGGCACAGACTT,6
GACCTGGGTCCAACTA,3
GACCTGGGTTGAGTTC,2
GACCTGGTCATTGCGA,0
GACGCGTAGATGTGTA,4
GACGCGTAGCCACGCT,5
GACGCGTAGCTACCGC,0
GACGCGTAGTCTTGCA,1
GACGCGTGTACCGCTG,0
GACGCGTGTGACTCAT,1
GACGCGTGTTGACGTT,5
GACGCGTTCCGATATG,0
GACGGCTAGCCACGCT,5
GACGGCTCAAGCCATT,2
GACGGCTCACAGCGTC,1
GACGGCTCAGACGCCT,0
GACGGCTGTTCACCTC,0
GACGGCTTCGGCGGTT,3
GACGGCTTCTCGAGTA,1
GACGTGCAGACAGAGA,1
GACGTGCCAGGAACGT,1
GACGTGCCATCTGGTA,4
GACGTGCGTAAAGTCA,0
GACGTGCGTAGGCTGA,2
GACGTGCGTCCTCCAT,0
GACGTGCGTTGAGTTC,2
GACGTGCTCAGGTTCA,2
GACGTGCTCCACGCAG,0
GACGTGCTCCGATATG,0
GACGTTAAGATATGCA,1
GACGTTACAAAGGAAG,4
GACGTTACATCCAACA,3
GACGTTAGTACTCGCG,3
GACGTTAGTTGTACAC,0
GACTAACCAATGGATA,4
GACTAACCACCCATTC,3
GACTAACCACCTCGTT,0
GACTAACCACTGTGTA,1
GACTAACCAGTAACGG,0
GACTAACGTCATTAGC,0
GACTAACTCAACACGT,0
GACTACACACGAGGTA,6
GACTACAGTATATCCG,0
GACTACAGTTCCCTTG,3
GACTACATCTGAGGGA,2
GACTGCGAGCTGCCCA,1
GACTGCGGTTAAAGTG,3
GACTGCGGTTGTCGCG,1
GACTGCGTCAAACAAG,7
GACTGCGTCTAACTCT,0
GAGCAGAAGAAGAAGC,0
GAGCAGAAGGCGATAC,1
GAGCAGAAGTGTCCAT,4
GAGCAGAAGTGTCTCA,3
GAGCAGAAGTTGTCGT,0
GAGCAGAGTCGCATAT,2
GAGCAGAGTCTAGCGC,2
GAGCAGAGTCTCCATC,0
GAGCAGATCCGTCAAA,0
GAGCAGATCTGCTTGC,2
GAGGTGAAGAAACCGC,4
GAGGTGAAGATGCGAC,1
GAGGTGACAATGTTGC,0
GAGGTGACACCATCCT,4
GAGGTGAGTAGGACAC,5
GAGGTGAGTCCGAATT,1
GAGGTGAGTCTGGTCG,1
GAGGTGAGTTCACGGC,1
GAGTCCGAGATGTAAC,3
GAGTCCGAGCTAAACA,0
GAGTCCGAGCTGCCCA,0
GAGTCCGAGTAATCCC,1
GAGTCCGCACGGCGTT,0
GAGTCCGCAGCATGAG,1
GAGTCCGGTACGAAAT,0
GAGTCCGGTGCACGAA,1
GAGTCCGTCACTATTC,2
GAGTCCGTCTTGAGGT,0
GATCAGTAGCAACGGT,0
GATCAGTAGCCCAACC,1
GATCAGTCATCAGTAC,1
GATCAGTCATCGATTG,0
GATCAGTCATGGTTGT,0
GATCAGTGTAATCACC,2
GATCAGTGTCCGTTAA,1
GATCAGTTCCGTAGTA,1
GATCGATCAGACGTAG,0
GATCGATCAGCCACCA,2
GATCGATCAGCTGGCT,0
GATCGATGTGCCTGGT,0
GATCGATTCATGTAGC,1
GATCGATTCTTGAGGT,3
GATCGCGCAAGCTGAG,2
GATCGCGCAGAGCCAA,5
GATCGCGGTCAATACC,0
GATCGCGGTCTGCGGT,0
GATCGCGGTGGCAAAC,3
GATCGCGGTTTCCACC,3
GATCGCGTCACATACG,0
GATCGCGTCATGCATG,2
GATCGCGTCCAAACTG,0
GATCGCGTCGCCAGCA,0
GATCGCGTCTTAGAGC,2
GATCGTAAGAGGACGG,3
GATCGTAAGAGGGCTT,0
GATCGTAAGATCCTGT,2
GATCGTACAAGCTGGA,0
GATCGTACAGACAGGT,1
GATCGTACAGTTTACG,3
GATCGTAGTGCGATAG,1
GATCGTATCAATAAGG,3
GATCGTATCTGCGTAA,3
GATCGTATCTGGCGAC,0
GATCTAGCAGGGTTAG,1
GATCTAGCATGAAGTA,3
GATCTAGGTGCGCTTG,2
GATCTAGGTTACGGAG,5
GATCTAGGTTCCACTC,1
GATCTAGTCAAACGGG,0
GATCTAGTCACAGTAC,1
GATCTAGTCGGTGTCG,0
GATGAAAAGACAATAC,4
GATGAAAAGGGTGTGT,0
GATGAAACAAATACAG,1
GATGAAAGTCTTCAAG,0
GATGAAATCCAAGTAC,0
GATGAGGAGATTACCC,0
GATGAGGAGCGCTCCA,7
GATGAGGCAGCGTTCG,4
GATGAGGCATTGGCGC,0
GATGAGGGTCGCTTTC,6
GATGAGGGTCTAGGTT,3
GATGAGGGTTACGGAG,1
GATGAGGGTTGCGTTA,3
GATGAGGTCGGTGTTA,1
GATGAGGTCTCATTCA,1
GATGCTAAGAATAGGG,0
GATGCTAAGATCCCGC,1
GATGCTAAGGTGTGGT,2
GATGCTAAGTGTACTC,0
GATGCTAGTGGTCCGT,2
GATGCTAGTTGTACAC,0
GATTCAGAGCGCCTTG,0
GATTCAGAGTATGACA,3
GATTCAGCAATGGATA,2
GATTCAGCAGCTGCTG,3
GATTCAGGTGATGTCT,0
GATTCAGTCAGGCCCA,0
GATTCAGTCATGTAGC,3
GATTCAGTCGTTGACA,4
GATTCAGTCTAACTGG,0
GATTCAGTCTACTATC,0
GCAAACTAGCCACCTG,0
GCAAACTAGCCATCGC,2
GCAAACTAGGTAGCTG,4
GCAAACTAGTACTTGC,0
GCAAACTAGTCTCGGC,5
GCAAACTCATCTACGA,3
GCAAACTGTCGCATCG,1
GCAAACTTCCGCGTTT,4
GCAATCAAGTTACCCA,2
GCAATCACATGGTCAT,1
GCAATCAGTAGTACCT,1
GCAATCAGTCTAGCGC,0
GCAATCATCAGAGACG,4
GCAATCATCGACCAGC,0
GCACATAAGGCTCTTA,1
GCACATAAGTGTGAAT,1
GCACATACATGACATC,3
GCACATAGTACATCCA,4
GCACATAGTTCACCTC,3
GCACATAGTTCAGCGC,3
GCACATATCCGCAAGC,0
GCACTCTAGGGTCTCC,2
GCACTCTAGTGTCCCG,1
GCACTCTGTCAGTGGA,1
GCAGCCAAGCCACGCT,5
GCAGCCAAGTGTTAGA,2
GCAGCCACAATAAGCA,2
GCAGCCACACGAGAGT,0
GCAGCCACATGCCTTC,1
GCAGCCAGTCACCCAG,0
GCAGCCAGTCGGATCC,0
GCAGCCATCCATTCTA,2
GCAGTTAAGACCCACC,1
GCAGTTAAGCACCGTC,7
GCAGTTACAAGAGTCG,4
GCAGTTACATGTTCCC,3
GCAGTTAGTCGATTGT,1
GCAGTTATCACGCATA,1
GCATACAAGATCTGCT,1
GCATACAAGTCAATAG,0
GCATACACAAACGCGA,0
GCATACACACAGAGGT,0
GCATACACATCCGTGG,3
GCATACAGTTCAGCGC,3
GCATACATCCGCGTTT,2
GCATGATAGAGTTGGC,0
GCATGATCACGCATCG,1
GCATGATCAGGGTACA,2
GCATGATCATCCGGGT,7
GCATGATCATGTCCTC,5
GCATGATGTATCTGCA,1
GCATGATGTCATGCAT,0
GCATGATTCAAGGTAA,0
GCATGATTCACCCGAG,3
GCATGATTCTTACCTA,2
GCATGCGAGTCGATAA,6
GCATGCGCAAGCGCTC,4
GCATGCGGTAAGAGGA,1
GCATGCGGTACGCACC,1
GCATGCGTCAACGGGA,0
GCATGCGTCTGTTTGT,7
GCATGCGTCTTGCAAG,1
GCATGTACACCTGGTG,3
GCATGTAGTGCAACTT,6
GCATGTAGTGCATCTA,2
GCATGTAGTGCCTGTG,4
GCATGTATCAGTTAGC,1
GCATGTATCATTGCCC,1
GCATGTATCCTAGAAC,0
GCATGTATCGAATCCA,3
GCATGTATCTGGTATG,0
GCCAAATCAAGAGTCG,1
GCCAAATCACCTGGTG,3
GCCAAATCAGAAGCAC,1
GCCAAATCAGATCCAT,4
GCCAAATGTCCAGTTA,0
GCCAAATGTGGCCCTA,2
GCCAAATGTTCCACAA,1
GCCAAATGTTGATTCG,6
GCCAAATTCCTTAATC,1
GCCAAATTCGTGTAGT,6
GCCTCTAAGGCTCTTA,0
GCCTCTACAGGTCTCG,2
GCCTCTACATGTCCTC,2
GCCTCTATCACCTCGT,4
GCCTCTATCGGAATCT,3
GCCTCTATCTTGAGGT,1
GCGACCAAGACGCAAC,1
GCGACCAAGATAGGAG,1
GCGACCAAGTCAATAG,0
GCGACCACACAAGCCC,0
GCGACCACACCTGGTG,2
GCGACCACATCCTAGA,6
GCGACCACATTAACCG,0
GCGACCAGTAACGCGA,4
GCGACCAGTGAAAGAG,0
GCGACCAGTGTGAAAT,2
GCGACCATCAATACCG,5
GCGACCATCCCTTGCA,0
GCGACCATCTTTACGT,0
GCGAGAAAGATCCCAT,0
GCGAGAAAGTCAAGCG,2
GCGAGAACAAACGCGA,1
GCGAGAACAAAGTGCG,0
GCGAGAACAAGTTGTC,3
GCGAGAACACGGATAG,1
GCGAGAACATTCGACA,0
GCGAGAATCAACGCTA,2
GCGAGAATCAGCTCTC,4
GCGAGAATCAGGCGAA,0
GCGAGAATCGGATGTT,1
GCGAGAATCGTACCGG,4
GCGAGAATCTACTATC,0
GCGCAACAGAGTGACC,5
GCGCAACAGCCACGCT,5
GCGCAACAGGAGTTGC,1
GCGCAACCAAGGACAC,1
GCGCAACCAGACAAGC,4
GCGCAACCAGCTTCGG,2
GCGCAACCAGGTTTCA,3
GCGCAACGTGCAACTT,1
GCGCAACGTTGAACTC,1
GCGCAACTCCAAGCCG,0
GCGCAACTCCTCAATT,0
GCGCAACTCCTCCTAG,1
GCGCAGTAGAGGTACC,2
GCGCAGTCACATAACC,4
GCGCAGTGTAGCTGCC,0
GCGCAGTGTCAGAAGC,3
GCGCAGTGTCCCTACT,1
GCGCAGTGTTAAGGGC,2
GCGCAGTGTTCAGGCC,1
GCGCAGTTCTTCGGTC,1
GCGCCAAAGAATGTTG,4
GCGCCAAAGATATACG,0
GCGCCAAAGCCACGCT,5
GCGCCAAAGTATCGAA,1
GCGCCAACACCAACCG,5
GCGCCAACAGATTGCT,2
GCGCCAAGTAATAGCA,6
GCGCCAAGTGAGTATA,0
GCGCCAAGTTGTACAC,5
GCGCCAATCCTCTAGC,6
GCGCCAATCGTCCAGG,3
GCGCGATAGCCACGCT,5
GCGCGATCACATGTGT,2
GCGCGATCACGAGGTA,0
GCGCGATCATCCCATC,2
GCGCGATGTAAATGTG,0
GCGGGTTAGCTTTGGT,0
GCGGGTTAGGTAAACT,3
GCGGGTTAGGTAGCCA,2
GCGGGTTAGTGGCACA,2
GCGGGTTAGTGTTAGA,2
GCGGGTTGTCGCGGTT,0
GCGGGTTTCAGCAACT,0
GCGGGTTTCTGCCCTA,5
GCTCCTAAGACCTAGG,2
GCTCCTACAATGCCAT,2
GCTCCTACACAGACAG,0
GCTCCTAGTCCCTTGT,0
GCTCCTAGTCTCCATC,0
GCTCCTAGTTATCCGA,2
GCTCCTATCACGAAGG,0
GCTCCTATCCTTCAAT,0
GCTCTGTAGAACAACT,3
GCTCTGTAGACAGGCT,1
GCTCTGTAGACGCACA,1
GCTCTGTAGCCAGGAT,0
GCTCTGTGTCTGATTG,1
GCTCTGTGTGTGAAAT,0
GCTCTGTTCCAAATGC,0
GCTCTGTTCTATCCTA,4
GCTCTGTTCTTGCAAG,1
GCTGCAGAGATGGCGT,7
GCTGCAGCACGGACAA,1
GCTGCAGCAGACGTAG,1
GCTGCAGCAGTAAGCG,1
GCTGCAGGTCCGTGAC,1
GCTGCAGGTGGGTATG,2
GCTGCAGGTTCAGACT,3
GCTGCGAAGACTAGAT,1
GCTGCGAAGATCGGGT,1
GCTGCGAAGGGTGTTG,1
GCTGCGAAGGGTTTCT,2
GCTGCGAAGTGTTAGA,2
GCTGCGAAGTTTAGGA,0
GCTGCGACAAGACACG,0
GCTGCGACAATGCCAT,4
GCTGCGACATTACCTT,1
GCTGCGAGTCTCTCGT,2
GCTGCGAGTTAAAGAC,1
GCTGCGAGTTCGAATC,4
GCTGCGAGTTGAACTC,1
GCTGCGATCCGCATAA,1
GCTGCGATCTGTTGAG,2
GCTGCTTAGCTCTCGG,5
GCTGCTTCACTTGGAT,4
GCTGCTTGTGTTCGAT,2
GCTGCTTGTTGCCTCT,3
GCTGCTTGTTTGGGCC,1
GCTGGGTAGCCACGCT,5
GCTGGGTAGGGTGTTG,0
GCTGGGTCAGCGTAAG,0
GCTGGGTTCGACAGCC,2
GCTTCCAAGACAAGCC,1
GCTTCCAAGCTAAACA,1
GCTTCCAAGTTAGCGG,2
GCTTCCACACGGCTAC,3
GCTTCCAGTAAGGGAA,0
GCTTCCAGTCGTGGCT,3
GCTTCCAGTCTGCCAG,1
GCTTCCAGTGGCGAAT,4
GCTTCCAGTGTTTGGT,2
GCTTCCAGTTGTGGAG,0
GCTTCCATCTGGTGTA,0
GCTTGAAAGCACAGGT,6
GCTTGAAAGGATGGAA,1
GCTTGAACAAACGTGG,5
GCTTGAAGTGTCGCTG,0
GCTTGAATCATCGATG,4
GCTTGAATCGTACCGG,0
GGAAAGCCAAGCCTAT,2
GGAAAGCCACGCCAGT,3
GGAAAGCCAGTGGGAT,4
GGAAAGCTCTGCTGTC,0
GGAAAGCTCTGTCTAT,0
GGAACTTAGATCCTGT,3
GGAACTTAGGTGCACA,0
GGAACTTCAGTCAGCC,0
GGAACTTCATCGATTG,0
GGAACTTGTCAGATAA,1
GGAACTTGTCGCATCG,1
GGAACTTGTGCTTCTC,1
GGAACTTGTTGAACTC,0
GGAACTTTCGGTGTTA,1
GGAATAAAGAAACCAT,2
GGAATAAAGGGCACTA,3
GGAATAAAGTGTTAGA,4
GGAATAAAGTTAACGA,0
GGAATAAAGTTGAGTA,0
GGAATAACAAAGAATC,3
GGAATAACAGCTGTTA,2
GGAATAACAGGAATGC,0
GGAATAACATTCACTT,5
GGAATAAGTAAGTTCC,4
GGAATAAGTTTGTGTG,2
GGAATAATCCCAACGG,3
GGAATAATCGTATCAG,0
GGACAAGAGACAGAGA,0
GGACAAGAGCCTTGAT,2
GGACAAGAGTCGTTTG,1
GGACAAGCACTTAAGC,0
GGACAAGGTAGAGCTG,1
GGACAAGGTCCTCTTG,0
GGACAGAAGATTACCC,1
GGACAGAAGTACGTAA,1
GGACAGAAGTGAACAT,2
GGACAGACAAGAGTCG,5
GGACAGAGTGTTGGGA,2
GGACAGAGTTGTTTGG,1
GGACATTAGACTGGGT,2
GGACATTAGGACGAAA,1
GGACATTCAAGAGGCT,1
GGACATTCATATGGTC,3
GGACATTGTGCAGGTA,4
GGACGTCAGAACAATC,1
GGACGTCAGTCAAGCG,0
GGACGTCCACAACTGT,0
GGACGTCGTTCAGCGC,0
GGACGTCTCAATCTCT,3
GGACGTCTCATGTCTT,3
GGACGTCTCGTCCGTT,3
GGAGCAAAGATCCTGT,0
GGAGCAACAACTGGCC,3
GGAGCAACAATCCAAC,1
GGAGCAAGTACTCTCC,6
GGATGTTAGCCAACAG,1
GGATGTTAGCCACCTG,5
GGATGTTAGCTGCCCA,1
GGATGTTAGGATGGTC,2
GGATGTTCACCAACCG,2
GGATGTTCACCGTTGG,3
GGATGTTCACCTCGTT,1
GGATGTTCAGCTCGAC,3
GGATGTTCAGTCAGAG,0
GGATGTTCATACGCTA,3
GGATGTTGTCACCCAG,3
GGATGTTGTCTGCAAT,5
GGATGTTGTTACGACT,1
GGATGTTGTTCACGGC,4
GGATGTTTCTATCCCG,1
GGATTACAGACCGGAT,4
GGATTACAGAGCAATT,1
GGATTACAGAGCCCAA,1
GGATTACAGCATCATC,4
GGATTACAGTGACTCT,1
GGATTACCAAGGTGTG,0
GGATTACCACGTCAGC,2
GGATTACGTTCGCGAC,3
GGATTACTCGAACTGT,1
GGATTACTCGTAGATC,0
GGCAATTAGCGATTCT,0
GGCAATTAGTAGGTGC,4
GGCAATTCAAGCCATT,2
GGCAATTGTACAGTGG,1
GGCAATTGTCATTAGC,0
GGCAATTTCAATCTCT,0
GGCAATTTCGACAGCC,0
GGCCGATCACCATGTA,0
GGCCGATCACGCTTTC,0
GGCCGATCATTACGAC,0
GGCCGATGTGCACTTA,0
GGCCGATGTTTGTTGG,1
GGCCGATTCACGCGGT,1
GGCCGATTCCCTAACC,0
GGCCGATTCGATCCCT,0
GGCCGATTCTCCCTGA,2
GGCGACTAGCCACGCT,5
GGCGACTAGCTCCTTC,2
GGCGACTAGGGCACTA,0
GGCGACTAGTCGCCGT,5
GGCGACTGTCCCTACT,1
GGCGACTGTGCTTCTC,0
GGCGACTGTTCGCGAC,0
GGCGACTGTTTCGCTC,1
GGCGACTTCCAAATGC,0
GGCGACTTCTCGTATT,2
GGCGTGTCACTTACGA,1
GGCGTGTCATCCGTGG,4
GGCTCGAAGTGACATA,1
GGCTCGAAGTGCGATG,3
GGCTCGAAGTGTTAGA,2
GGCTCGACAAGCCTAT,3
GGCTCGACACCGTTGG,4
GGCTCGACATAGACTC,1
GGCTCGACATTCCTCG,6
GGCTCGAGTGCATCTA,0
GGCTCGATCCCTTGTG,1
GGCTGGTAGACAAGCC,2
GGCTGGTAGAGGACGG,1
GGCTGGTAGCACGCCT,1
GGCTGGTAGCCACGCT,5
GGCTGGTAGGGTCGAT,1
GGCTGGTAGGTAGCTG,3
GGCTGGTAGTGGGATC,1
GGCTGGTAGTTACGGG,2
GGCTGGTGTAGGGTAC,0
GGCTGGTGTGACAAAT,1
GGCTGGTTCCCAAGAT,2
GGCTGGTTCTACTCAT,4
GGCTGGTTCTCGGACG,4
GGGAATGAGCGAGAAA,1
GGGAATGGTCAAAGCG,0
GGGAATGTCCACGCAG,0
GGGAATGTCCGAATGT,2
GGGACCTAGGTACTCT,1
GGGACCTAGTGTTAGA,2
GGGACCTGTAATCACC,6
GGGACCTGTCGCTTCT,1
GGGACCTGTGCAGTAG,3
GGGACCTGTTTGTTTC,4
GGGACCTTCACCGGGT,1
GGGACCTTCAGCTCGG,2
GGGACCTTCTGTACGA,0
GGGAGATAGAGCAATT,0
GGGAGATAGCACACAG,3
GGGAGATAGCTTCGCG,0
GGGAGATAGTGTTTGC,0
GGGAGATGTACCGAGA,3
GGGAGATGTAGTGAAT,5
GGGAGATGTCTAAACC,1
GGGAGATGTTCCATGA,1
GGGAGATGTTCGTGAT,2
GGGAGATTCGGACAAG,2
GGGATGAAGAGTAATC,0
GGGATGAAGGATGTAT,1
GGGATGACAGACGCAA,4
GGGATGAGTCAAAGAT,0
GGGATGAGTTAGAACA,0
GGGATGAGTTGATTGC,1
GGGATGATCACCGTAA,0
GGGATGATCGGCTTGG,3
GGGATGATCTGCCCTA,2
GGGCACTAGCCACGCT,5
GGGCACTCACTAGTAC,2
GGGCACTCACTTAAGC,0
GGGCACTCATTACCTT,4
GGGCACTTCCGCGTTT,0
GGGCATCAGTCCTCCT,2
GGGCATCCAAAGCAAT,3
GGGCATCCACTTGGAT,0
GGGCATCCATTCTCAT,0
GGGCATCGTAGCGATG,3
GGGCATCTCCATGCTC,6
GGGCATCTCTAACTTC,0
GGGCATCTCTCAAACG,0
GGGCATCTCTGATTCT,1
GGGTCTGAGACTAAGT,0
GGGTCTGAGATGAGAG,0
GGGTCTGAGCTTATCG,3
GGGTCTGAGTAGCGGT,4
GGGTCTGCAAGGTTTC,1
GGGTCTGCATAAAGGT,2
GGGTCTGCATGCCACG,3
GGGTCTGGTAGCGTGA,3
GGGTCTGGTGCAGACA,0
GGGTCTGTCCGCATCT,1
GGGTCTGTCTAACGGT,0
GGGTCTGTCTCCAACC,0
GGGTTGCAGCCACGCT,5
GGGTTGCAGTGTTAGA,2
GGGTTGCCACAACGCC,3
GGGTTGCGTAGAAAGG,0
GGGTTGCGTCTCGTTC,2
GGTATTGAGACAAGCC,1
GGTATTGAGATCTGCT,1
GGTATTGAGCTTATCG,6
GGTATTGAGTAGATGT,1
GGTATTGCACTTAAGC,0
GGTATTGCACTTCTGC,3
GGTATTGCAGGATTGG,2
GGTATTGCAGTGGGAT,0
GGTATTGGTAGCGTCC,1
GGTATTGGTGCTAGCC,7
GGTATTGGTTGAGTTC,1
GGTGAAGCAAGACGTG,0
GGTGAAGCATTAGCCA,1
GGTGAAGGTCCGTCAG,3
GGTGAAGGTTACAGAA,1
GGTGAAGTCACAACGT,0
GGTGAAGTCACATAGC,1
GGTGCGTAGAAACGAG,7
GGTGCGTAGAGGACGG,2
GGTGCGTAGATGTCGG,1
GGTGCGTAGCCACGCT,5
GGTGCGTAGGAGTTTA,1
GGTGCGTCAATCCAAC,1
GGTGCGTCACGAGAGT,0
GGTGCGTTCAAACCGT,0
GGTGCGTTCACTGGGC,2
GGTGCGTTCGGTCCGA,0
GGTGTTAAGACAAAGG,1
GGTGTTAAGCTGAAAT,3
GGTGTTAAGTGTTAGA,6
GGTGTTACACCATCCT,0
GGTGTTACACTAAGTC,2
GGTGTTACATAAGACA,2
GGTGTTAGTAGCTCCG,2
GGTGTTAGTGGCTCCA,2
GTAACGTAGCGTAATA,0
GTAACGTAGTCCGGTC,0
GTAACGTCATTTCAGG,6
GTAACGTTCCTACAGA,1
GTAACTGCACACGCTG,1
GTAACTGGTCACTTCC,0
GTAACTGGTCCAGTGC,0
GTAACTGGTGTGAATA,0
GTAACTGGTTGCTCCT,2
GTAACTGTCGCATGGC,0
GTAACTGTCTCCTATA,0
GTACGTAAGCGTCAAG,2
GTACGTACATGTAAGA,0
GTACGTAGTCACCCAG,2
GTACTCCAGAAGCCCA,1
GTACTCCCATGTCCTC,1
GTACTCCGTTGGTTTG,5
GTACTCCTCTACTCAT,4
GTACTCCTCTTCGGTC,4
GTACTTTAGATCTGAA,4
GTACTTTAGCCGATTT,0
GTACTTTAGCTAGTTC,2
GTACTTTAGGATCGCA,0
GTACTTTAGGCCCTTG,0
GTACTTTCACCTCGGA,0
GTACTTTCATTCTCAT,2
GTACTTTGTTAGTGGG,0
GTACTTTTCGCGATCG,2
GTAGGCCAGCCGTCGT,6
GTAGGCCAGGTGTTAA,4
GTAGGCCAGTCAAGGC,4
GTAGGCCCAACTGCTA,3
GTAGGCCTCATGCATG,5
GTAGGCCTCGGTGTCG,6
GTAGTCAGTATCACCA,4
GTAGTCATCGGTTCGG,3
GTATCTTCACGTTGGC,1
GTATCTTCATCAGTCA,0
GTATCTTTCAGGCGAA,0
GTATCTTTCCGCGCAA,0
GTATTCTAGAGACTAT,2
GTATTCTAGTTAGGTA,1
GTATTCTTCCAAGCCG,2
GTCAAGTCAGGACCCT,4
GTCAAGTGTATAATGG,0
GTCAAGTTCCCGGATG,1
GTCACAAAGGCAAAGA,3
GTCACAAGTGTGACGA,1
GTCACAATCACCGGGT,0
GTCACAATCCAAAGTC,2
GTCACAATCGCCCTTA,1
GTCACGGAGCCAACAG,4
GTCACGGCACCTGGTG,1
GTCACGGCAGCGATCC,0
GTCACGGGTCCGAAGA,0
GTCACGGGTGCGCTTG,7
GTCACGGTCGCAAGCC,0
GTCATTTAGCACGCCT,2
GTCATTTCAGTTCATG,2
GTCATTTGTAGAGCTG,0
GTCATTTGTGACGCCT,1
GTCATTTTCTAACTTC,0
GTCCTCAAGTGAACGC,2
GTCCTCAGTCTCTTTA,0
GTCCTCAGTTAAGACA,2
GTCCTCAGTTCAACCA,2
GTCCTCATCAAGGCTT,0
GTCGGGTAGAAGGTGA,5
GTCGGGTAGCCCAGCT,4
GTCGGGTCACGGTGTC,6
GTCGGGTGTCATCGGC,1
GTCGGGTGTCTAGTCA,6
GTCGTAAGTACCGTAT,1
GTCGTAAGTACGCTGC,1
GTCGTAAGTCATGCAT,0
GTCGTAAGTTGGAGGT,0
GTCGTAATCAACACGT,0
GTCGTAATCAACACTG,0
GTCGTAATCAACGCTA,6
GTCGTAATCATGTCTT,1
GTCGTAATCGGCGCTA,1
GTCTCGTAGACAGAGA,2
GTCTCGTAGACCTTTG,5
GTCTCGTAGTGGGTTG,3
GTCTCGTCACAAGTAA,0
GTCTCGTCACAGGTTT,1
GTCTCGTGTCTTCTCG,0
GTCTCGTTCGGCTTGG,2
GTCTCGTTCGTAGATC,2
GTCTCGTTCGTTTATC,2
GTCTTCGAGACGCAAC,0
GTCTTCGAGATGTGGC,1
GTCTTCGCATTATCTC,7
GTCTTCGGTATGAATG,2
GTCTTCGTCAGCGATT,0
GTCTTCGTCTAGAGTC,5
GTCTTCGTCTTCCTTC,2
GTGAAGGAGACCACGA,2
GTGAAGGAGAGGTTGC,3
GTGAAGGCACTGAAGG,0
GTGAAGGCAGTGAGTG,0
GTGAAGGGTAAGCACG,2
GTGAAGGGTAGATTAG,0
GTGAAGGGTATGAATG,0
GTGAAGGTCCGTCATC,0
GTGCAGCAGCTAGTTC,4
GTGCAGCAGTAGATGT,7
GTGCAGCAGTGTTAGA,2
GTGCAGCGTCAGAGGT,4
GTGCAGCTCATGCTCC,0
GTGCAGCTCTGCAGTA,4
GTGCATAAGAAGGCCT,1
GTGCATAAGACACTAA,0
GTGCATAAGACTGTAA,5
GTGCATAAGCGTAATA,0
GTGCATAAGTGTCTCA,4
GTGCATACACGTCAGC,0
GTGCATACAGCTGTAT,5
GTGCATAGTTGGTAAA,0
GTGCATATCTTGCATT,3
GTGCGGTAGACATAAC,5
GTGCGGTAGAGCTATA,6
GTGCGGTAGCAGGTCA,1
GTGCGGTAGCCACGCT,5
GTGCGGTAGGCCCGTT,7
GTGCGGTAGGTGACCA,1
GTGCGGTCAGACGCTC,1
GTGCGGTCAGATGGGT,1
GTGCGGTGTTGGTGGA,1
GTGCGGTGTTTGTTGG,2
GTGCGGTTCATCGATG,1
GTGCGGTTCATTGCGA,0
GTGCGGTTCTGGCGTG,1
GTGCTTCAGCTAGTCT,2
GTGCTTCAGTTCGATC,1
GTGGGTCAGCAGGCTA,0
GTGGGTCAGCGATATA,2
GTGGGTCCAGATGAGC,1
GTGGGTCGTCTTCGTC,1
GTGTGCGAGAAGGTGA,7
GTGTGCGAGGTGTTAA,4
GTGTGCGAGTCGCCGT,5
GTGTGCGAGTGAATTG,0
GTGTGCGCACCTCGGA,1
GTGTGCGCATCGGACC,2
GTGTGCGGTGATAAGT,0
GTGTGCGTCTCGCATC,2
GTGTTAGAGTCAAGCG,3
GTGTTAGCAGGATCGA,0
GTGTTAGCAGGCTCAC,2
GTGTTAGCAGGGAGAG,0
GTGTTAGCATGGAATA,6
GTGTTAGGTCTACCTC,0
GTGTTAGGTTCGGGCT,4
GTGTTAGTCAACCATG,2
GTGTTAGTCCAACCAA,0
GTTAAGCAGCGTCTAT,0
GTTAAGCCAAGTAGTA,1
GTTAAGCCACGTGAGA,0
GTTAAGCCAGACAGGT,2
GTTAAGCGTCTCTCGT,3
GTTAAGCGTGGGTATG,4
GTTAAGCGTTATCACG,1
GTTAAGCGTTTGTGTG,4
GTTAAGCTCGTCTGAA,0
GTTACAGAGACTGGGT,3
GTTACAGCAGTCGTGC,0
GTTCATTAGCAAATCA,1
GTTCATTAGTGGTAAT,4
GTTCATTCACGACGAA,3
GTTCATTCAGCCTGTG,0
GTTCATTCAGGAACGT,2
GTTCATTCATCTCGCT,1
GTTCATTCATTACCTT,5
GTTCATTGTCTTTCAT,2
GTTCATTTCGCAAGCC,2
GTTCGGGAGCGATGAC,3
GTTCGGGAGGATGCGT,5
GTTCGGGAGGTAGCTG,2
GTTCGGGAGTGTGAAT,1
GTTCGGGTCGCGTTTC,3
GTTCTCGAGACCCACC,0
GTTCTCGTCCACGTTC,0
GTTTCTAAGACAGGCT,0
GTTTCTACACGTAAGG,4
GTTTCTAGTATAAACG,0
GTTTCTAGTATATGAG,0
GTTTCTAGTCATGCCG,0
GTTTCTAGTGGCCCTA,2
GTTTCTATCCTTGGTC,4
GTTTCTATCGTTGACA,1
TAAACCGGTCACAAGG,1
TAAACCGGTGCGAAAC,4
TAAACCGTCCGAACGC,3
TAAACCGTCGCTTAGA,3
TAAGAGAAGATATACG,0
TAAGAGAAGGAACTGC,0
TAAGAGAAGGCATGGT,5
TAAGAGAAGGGATACC,3
TAAGAGAAGTGCCATT,3
TAAGAGAGTCATATCG,0
TAAGAGATCACCTCGT,1
TAAGAGATCTCGCTTG,0
TAAGCGTAGTACACCT,1
TAAGCGTCAATAGCAA,6
TAAGCGTCAGACAAGC,1
TAAGCGTGTCTGCGGT,3
TAAGCGTTCACAAACC,0
TAAGCGTTCTGAGGGA,1
TAAGTGCAGGAGTCTG,1
TAAGTGCCATTAACCG,1
TAAGTGCGTAGAGCTG,6
TAAGTGCGTAGCAAAT,6
TAAGTGCTCAAGATCC,1
TAAGTGCTCCATGCTC,3
TAAGTGCTCGATGAGG,4
TAAGTGCTCGCAGGCT,2
TACACGAAGAAGATTC,2
TACACGAAGGGTGTGT,2
TACACGAAGTACACCT,2
TACACGACACGTCAGC,0
TACACGACAGACGTAG,4
TACACGACATGCATGT,1
TACACGATCTGTCCGT,2
TACAGTGAGGCCCGTT,3
TACAGTGAGTGGGTTG,1
TACAGTGGTGAGGGAG,0
TACAGTGGTGCCTTGG,1
TACAGTGGTGCTTCTC,6
TACAGTGTCCAATGGT,1
TACAGTGTCGCTAGCG,2
TACAGTGTCTAAGCCA,0
TACCTATAGACAGACC,2
TACCTATAGATGTCGG,1
TACCTATAGCGATATA,2
TACCTATGTTCGAATC,0
TACCTATGTTGGTTTG,6
TACCTATTCACGCATA,4
TACCTATTCTTGGGTA,1
TACCTTAAGAAGATTC,0
TACCTTACAAGTACCT,0
TACCTTACACAGGAGT,1
TACCTTACAGCTCGCA,0
TACCTTAGTAAGCACG,0
TACCTTAGTAGCGTAG,2
TACCTTAGTAGTACCT,0
TACCTTATCAGGTTCA,3
TACCTTATCTCCAACC,3
TACGGATAGCGGCTTC,1
TACGGATCATAAGACA,6
TACGGATCATAGTAAG,4
TACGGATGTTAAGACA,0
TACGGATTCAAACCAC,0
TACGGATTCCTTGACC,0
TACGGATTCTGTTGAG,1
TACGGATTCTTGCATT,2
TACGGGCAGAGTCGGT,4
TACGGGCAGTAGCCGA,2
TACGGGCCAAGAAAGG,3
TACGGGCGTAAGTGTA,1
TACGGGCGTACCGTAT,0
TACGGGCGTCGCTTCT,3
TACGGGCGTGGTTTCA,1
TACGGGCTCACGCGGT,0
TACGGGCTCATGTAGC,0
TACGGGCTCCACTCCA,1
TACGGGCTCTCTTATG,1
TACGGTAAGCTCCCAG,4
TACGGTAAGGTGACCA,1
TACGGTAAGTAACCCT,0
TACGGTAAGTCAATAG,7
TACGGTACAATGACCT,0
TACGGTAGTCTCTTTA,1
TACGGTATCACAATGC,2
TACGGTATCCGTAGTA,0
TACGGTATCCTCTAGC,0
TACGGTATCGTCGTTC,1
TACTCATAGGATGGAA,0
TACTCATCAATCGAAA,0
TACTCATCACATCCGG,3
TACTCATGTCGACTAT,1
TACTCATGTCGTTGTA,1
TACTCATTCACATACG,1
TACTCATTCTGTCCGT,0
TACTCGCAGACAATAC,4
TACTCGCAGCATGGCA,0
TACTCGCAGCCAACAG,0
TACTCGCAGCCCAGCT,4
TACTCGCAGTTGTAGA,1
TACTCGCCAGCATGAG,5
TACTCGCCATGCCCGA,0
TACTCGCGTAACGACG,1
TACTCGCGTCAGAATA,0
TACTCGCGTGACTCAT,1
TACTCGCGTTCAGGCC,3
TACTCGCTCGCCTGAG,4
TACTCGCTCTTGCAAG,1
TACTTACAGGCTATCT,2
TACTTACAGGGCTTCC,3
TACTTACCAGTCACTA,1
TACTTACCATGGATGG,3
TACTTACTCAGTTAGC,2
TACTTACTCTATCCTA,2
TACTTGTAGCGCCTCA,1
TACTTGTAGCGTCAAG,2
TACTTGTAGGTAGCCA,1
TACTTGTCACCTCGGA,1
TACTTGTGTCACCTAA,0
TACTTGTGTTTGCATG,1
TAGACCAAGGACCACA,1
TAGACCACAGGAATCG,0
TAGACCACATCTCGCT,0
TAGACCAGTACTTGAC,6
TAGACCATCAACTCTT,1
TAGAGCTAGAATGTTG,4
TAGAGCTAGAGCCTAG,0
TAGAGCTAGGTGATTA,1
TAGAGCTCAAACTGCT,0
TAGAGCTCAGCATGAG,0
TAGAGCTCAGCCAATT,3
TAGAGCTTCATTTGGG,3
TAGAGCTTCGCTTAGA,5
TAGAGCTTCTCGCATC,4
TAGAGCTTCTCTTATG,0
TAGAGCTTCTTGAGGT,3
TAGCCGGAGCTAGGCA,5
TAGCCGGCAAGGACTG,0
TAGCCGGGTAGGGACT,3
TAGCCGGGTCCATCCT,2
TAGCCGGGTCTAAACC,3
TAGCCGGGTTACCAGT,3
TAGCCGGTCACATAGC,3
TAGCCGGTCCACGTGG,0
TAGCCGGTCTGTTGAG,0
TAGGCATAGCGTCTAT,1
TAGGCATAGCTAACTC,4
TAGGCATAGGCAGTCA,0
TAGGCATCAGGACCCT,1
TAGGCATCAGTCAGCC,0
TAGGCATCAGTGGAGT,7
TAGGCATGTCAACTGT,0
TAGGCATTCACAATGC,0
TAGGCATTCGCACTCT,5
TAGGCATTCTTAACCT,0
TAGTGGTAGATATGCA,4
TAGTGGTCATACAGCT,1
TAGTGGTGTAAGAGGA,2
TAGTGGTGTACGCACC,0
TAGTGGTGTCGACTGC,0
TAGTGGTTCAACACCA,0
TAGTGGTTCCTAGTGA,1
TAGTTGGCAGTAAGCG,1
TAGTTGGCATGGGACA,1
TAGTTGGGTTACGACT,1
TAGTTGGGTTCGCGAC,6
TAGTTGGTCATTCACT,1
TAGTTGGTCTAGAGTC,0
TATCAGGAGAAACCAT,3
TATCAGGAGCTCTCGG,0
TATCAGGAGGTGCTAG,2
TATCAGGGTATTCGTG,0
TATCTCACAATGCCAT,0
TATCTCAGTGATGCCC,0
TATCTCAGTGTGGTTT,1
TATCTCAGTTCAACCA,2
TATCTCAGTTGGACCC,3
TATGCCCAGAGGTAGA,0
TATGCCCAGCTCCCAG,2
TATGCCCAGTTAGGTA,6
TATGCCCCACTGCCAG,6
TATGCCCTCTCGAGTA,2
TATTACCAGCCAACAG,1
TATTACCAGGGCTTGA,3
TATTACCCAAAGGCGT,2
TATTACCCATTTGCCC,6
TATTACCGTCACTTCC,3
TATTACCGTCTCACCT,0
TATTACCTCCCTAACC,1
TCAACGAAGCGAGAAA,2
TCAACGACAGAGTGTG,4
TCAACGACAGCCAGAA,2
TCAACGATCACAACGT,5
TCAATCTAGAAGGCCT,1
TCAATCTCAACACGCC,3
TCAATCTCACACAGAG,3
TCAATCTCATCCGCGA,2
TCAATCTGTAGCCTAT,3
TCAATCTGTCATATCG,7
TCACAAGAGACTAGAT,0
TCACAAGAGATCCCAT,5
TCACAAGGTACCTACA,1
TCACAAGGTTTGTTTC,3
TCACAAGTCACATGCA,2
TCACAAGTCATGCAAC,0
TCACGAAAGACTAGAT,0
TCACGAACAAGCGCTC,1
TCACGAACATAAGACA,0
TCACGAAGTCGACTGC,2
TCACGAAGTGAGGCTA,3
TCACGAATCACTATTC,0
TCACGAATCGTCTGCT,1
TCAGATGAGCTAGTGG,1
TCAGATGAGTAGCGGT,0
TCAGATGCAAATTGCC,1
TCAGATGCAATGAAAC,0
TCAGATGCACAAGACG,0
TCAGATGCACGGTAGA,2
TCAGATGCAGTCAGCC,0
TCAGATGGTCTCATCC,5
TCAGCAAGTCAACATC,0
TCAGCAAGTCGCATCG,0
TCAGCAAGTGAGCGAT,1
TCAGCAAGTGTTTGGT,0
TCAGCAAGTTATGCGT,4
TCAGCAATCCTCATTA,1
TCAGCAATCGACGGAA,1
TCAGCTCAGAGGTACC,4
TCAGCTCAGGGTTTCT,2
TCAGCTCGTCTCTCGT,2
TCAGCTCGTGAGGGTT,0
TCAGCTCGTGGTAACG,0
TCAGCTCTCACTTACT,1
TCAGCTCTCCGAATGT,2
TCAGCTCTCCTACAGA,3
TCAGCTCTCTCAAACG,0
TCAGGATGTGATGATA,6
TCAGGATGTTACCGAT,6
TCAGGATGTTCGTCTC,1
TCAGGATTCTATGTGG,2
TCAGGTAAGAATGTTG,0
TCAGGTAAGCGCCTCA,0
TCAGGTAAGGGCACTA,1
TCAGGTACACGAAACG,3
TCAGGTAGTCAAAGCG,3
TCAGGTAGTCATCGGC,2
TCAGGTAGTCCATCCT,1
TCAGGTAGTTTAGGAA,1
TCAGGTATCGTCACGG,4
TCATTACAGTAGGTGC,0
TCATTACAGTGTCCAT,3
TCATTACGTAGCCTAT,3
TCATTACGTATGAATG,6
TCATTACGTGCACCAC,4
TCATTACTCTTCCTTC,0
TCATTTGAGCTAACTC,0
TCATTTGAGGCTAGCA,3
TCATTTGAGTAAGTAC,1
TCATTTGGTACTTAGC,3
TCATTTGGTCCTCTTG,1
TCATTTGTCAAACAAG,3
TCATTTGTCGGACAAG,1
TCCACACCAAACCCAT,0
TCCACACCACTTACGA,4
TCCACACGTAGAGCTG,6
TCCACACTCACAGTAC,1
TCCACACTCCTCGCAT,1
TCCCGATAGACCGGAT,1
TCCCGATAGGTCGGAT,3
TCCCGATCAACTGCGC,7
TCCCGATCAAGGTTTC,2
TCCCGATCACCCATGG,0
TCCCGATCAGCCAATT,0
TCCCGATGTACCCAAT,0
TCCCGATGTCATGCCG,0
TCCCGATGTGCCTGCA,1
TCCCGATGTTATTCTC,4
TCCCGATTCATGTAGC,1
TCCCGATTCGTCCGTT,1
TCGAGGCAGCCACGCT,5
TCGAGGCAGTGGTCCC,0
TCGAGGCGTATAAACG,0
TCGAGGCGTTCCACAA,3
TCGAGGCTCTGCTGCT,0
TCGCGAGAGATGTGGC,1
TCGCGAGAGGCATTGG,4
TCGCGAGCAAGCGATG,0
TCGCGAGCACAGGAGT,1
TCGCGAGCAGCCTTGG,1
TCGCGAGCATGCCTAA,1
TCGCGAGTCAACGAAA,3
TCGCGAGTCAGTTAGC,0
TCGCGAGTCCTACAGA,5
TCGCGAGTCTTTCCTC,6
TCGCGTTAGCAACGGT,5
TCGCGTTCAAACAACA,3
TCGCGTTCAGTGAGTG,1
TCGCGTTGTGTCTGAT,2
TCGCGTTGTTAAAGAC,2
TCGCGTTGTTACTGAC,0
TCGCGTTTCAAAGTAG,5
TCGCGTTTCACCCTCA,3
TCGGGACAGATCACGG,0
TCGGGACAGTACGACG,3
TCGGGACCAGACGCAA,4
TCGGGACGTAACGACG,0
TCGGGACTCAGTTGAC,0
TCGGGACTCTACTTAC,1
TCGGGACTCTGATTCT,0
TCGGTAAAGACCTAGG,2
TCGGTAAAGACTGGGT,0
TCGGTAACACCATCCT,2
TCGGTAAGTTGGGACA,4
TCGGTAATCCAAACAC,0
TCGGTAATCTCTTGAT,1
TCGTACCGTAGCTAAA,0
TCGTACCGTGATAAGT,0
TCGTACCTCGTATCAG,7
TCGTACCTCGTTTATC,1
TCGTACCTCTCACATT,0
TCGTAGAAGGATATAC,3
TCGTAGACACTGAAGG,1
TCGTAGACATCCCATC,0
TCGTAGACATCTGGTA,2
TCGTAGAGTACCGGCT,0
TCGTAGAGTGCTTCTC,0
TCGTAGATCATGCAAC,2
TCGTAGATCCTGCTTG,3
TCGTAGATCGCAAACT,6
TCGTAGATCTTGCATT,1
TCTATTGAGAGGTAGA,2
TCTATTGAGTAGCCGA,1
TCTATTGAGTTGAGAT,2
TCTATTGCACTCAGGC,3
TCTATTGTCATACGGT,2
TCTATTGTCCCAACGG,0
TCTATTGTCCTGCTTG,6
TCTATTGTCGCGTTTC,0
TCTCATAAGGATCGCA,0
TCTCATAAGGGTTCCC,0
TCTCATAAGTGGAGAA,6
TCTCATACAGCCTGTG,0
TCTCATAGTACCGAGA,0
TCTCATAGTAGCGATG,0
TCTCATAGTGTGTGCC,0
TCTCATATCAATACCG,2
TCTCATATCGTCACGG,0
TCTCTAAAGATGTTAG,2
TCTCTAAAGGCCATAG,6
TCTCTAACAAGACACG,0
TCTCTAAGTATGGTTC,2
TCTCTAAGTCAACATC,0
TCTCTAATCCGTTGCT,4
TCTCTAATCGACGGAA,0
TCTGAGAAGAAACGAG,0
TCTGAGAAGACTGGGT,5
TCTGAGAAGGGCTTCC,0
TCTGAGACAATCCGAT,0
TCTGAGACAGACGCCT,6
TCTGAGACAGCAGTTT,1
TCTGAGAGTAAATGAC,0
TCTGAGAGTAAGAGGA,4
TCTGAGAGTACTCTCC,1
TCTGAGAGTCCCTTGT,0
TCTGAGAGTCGCATAT,3
TCTGAGAGTGATGCCC,4
TCTGAGATCACGCATA,4
TCTGAGATCCGATATG,0
TCTGAGATCCTTGGTC,0
TCTGGAAAGCATGGCA,5
TCTGGAAAGCGGCTTC,0
TCTGGAAAGCTTTGGT,3
TCTGGAAGTACTTCTT,1
TCTGGAAGTCCAACTA,2
TCTGGAAGTTGAACTC,1
TCTTCGGAGACTCGGA,1
TCTTCGGGTAAACACA,7
TCTTCGGGTAACGTTC,1
TCTTCGGGTCGCTTTC,1
TCTTCGGGTCTGCAAT,2
TCTTCGGGTGCCTGGT,3
TCTTCGGTCTTTAGTC,0
TCTTTCCAGGGTGTGT,2
TCTTTCCAGTACGCGA,2
TCTTTCCAGTGGGTTG,1
TCTTTCCGTAACGTTC,0
TCTTTCCGTTCAACCA,1
TCTTTCCTCAACTCTT,3
TCTTTCCTCCTGCTTG,0
TCTTTCCTCGTACGGC,1
TCTTTCCTCTCTGAGA,1
TCTTTCCTCTTCCTTC,0
TCTTTCCTCTTGGGTA,0
TGAAAGAAGGGAGTAA,0
TGAAAGACACCAGCAC,1
TGAAAGACAGGATTGG,4
TGAAAGACATACTCTT,3
TGAAAGAGTACATGTC,0
TGAAAGAGTCTAAACC,1
TGAAAGAGTTCGTTGA,0
TGAAAGATCGAATGCT,3
TGAAAGATCGCTGATA,2
TGACAACAGTTCGATC,4
TGACAACCAAACCCAT,1
TGACAACCACTGAAGG,7
TGACAACGTGGTGTAG,2
TGACAACTCTGACCTC,0
TGACGGCAGGTGGGTT,4
TGACGGCAGTGGGTTG,3
TGACGGCTCGAGAGCA,1
TGACGGCTCGGTTCGG,1
TGACTAGAGAGTGACC,0
TGACTAGAGCTGTTCA,2
TGACTAGAGGACACCA,0
TGACTAGCAATCCAAC,6
TGACTAGCAATGAAAC,0
TGACTAGTCGGAGGTA,1
TGACTAGTCGTGGACC,0
TGACTTTAGCTGATAA,1
TGACTTTCAAACTGTC,1
TGACTTTCAATAGAGT,0
TGACTTTCACCTCGTT,0
TGACTTTCATGAACCT,6
TGACTTTGTCTGCGGT,4
TGACTTTTCTCCCTGA,3
TGAGAGGAGCTAGTCT,1
TGAGAGGAGTACGACG,1
TGAGAGGCACGAGGTA,0
TGAGAGGCAGGCGATA,2
TGAGAGGGTCTGGTCG,2
TGAGAGGGTTCCGGCA,6
TGAGAGGTCATGTGGT,0
TGAGAGGTCTGCAGTA,1
TGAGCATAGACTCGGA,3
TGAGCATAGAGAACAG,0
TGAGCATAGCTACCGC,1
TGAGCATCACACATGT,0
TGAGCATCAGTTAACC,3
TGAGCATGTCTAGCGC,0
TGAGCATTCGCCTGAG,2
TGAGCATTCGTACGGC,3
TGAGCATTCTCCCTGA,2
TGAGCCGAGACAAGCC,0
TGAGCCGAGTGTACGG,0
TGAGCCGAGTTCGCAT,0
TGAGCCGGTGCACTTA,3
TGAGCCGGTGCAGACA,0
TGAGCCGTCAGGCAAG,1
TGAGCCGTCGCGTTTC,0
TGAGGGACAAGAAGAG,0
TGAGGGAGTCATCCCT,0
TGAGGGAGTGAGTATA,1
TGAGGGAGTTCCAACA,2
TGAGGGAGTTCTGAAC,2
TGAGGGATCAACTCTT,5
TGAGGGATCGTAGGAG,1
TGATTTCAGCTGCAAG,1
TGATTTCAGGCGCTCT,3
TGATTTCAGGGAACGG,2
TGATTTCCAAGCGTAG,5
TGATTTCCAATCCAAC,0
TGATTTCCATGAACCT,0
TGATTTCTCGAATGGG,2
TGATTTCTCGCGGATC,2
TGATTTCTCTGGCGTG,0
TGCACCTAGACAGAGA,6
TGCACCTAGATAGCAT,0
TGCACCTAGTGTCCAT,3
TGCACCTCAATTCCTT,0
TGCACCTCAGTCAGCC,2
TGCACCTGTTACGACT,5
TGCACCTTCATAACCG,1
TGCACCTTCTCTAGGA,0
TGCCAAAAGACCGGAT,1
TGCCAAAGTTTGTTGG,2
TGCCAAATCCTTCAAT,0
TGCCCATAGTATGACA,1
TGCCCATAGTGACTCT,5
TGCCCATAGTGCGTGA,4
TGCCCATCAAACTGCT,0
TGCCCATGTTGACGTT,0
TGCCCATTCGGCCGAT,5
TGCCCTAAGCACCGCT,0
TGCCCTAAGTACGTAA,1
TGCCCTACAAGTAATG,0
TGCCCTAGTTCATGGT,1
TGCCCTATCTGGCGTG,0
TGCGCAGAGAAGAAGC,2
TGCGCAGAGCCACGCT,5
TGCGCAGAGGTGCACA,1
TGCGCAGAGTGTGGCA,0
TGCGCAGGTAAGGGAA,4
TGCGCAGGTGTGACCC,1
TGCGCAGTCAGATAAG,0
TGCGCAGTCGTACCGG,1
TGCGCAGTCTTGTCAT,5
TGCGGGTAGTGTTAGA,1
TGCGGGTAGTTACCCA,2
TGCGGGTCACCTCGGA,3
TGCGGGTCATAACCTG,0
TGCGGGTGTGTCTGAT,1
TGCGGGTTCAGTGCAT,1
TGCGGGTTCATGTGGT,1
TGCGTGGAGTGTCCCG,0
TGCGTGGCACAGCGTC,1
TGCGTGGCATAGACTC,0
TGCGTGGGTCTAACGT,2
TGCGTGGGTCTCCACT,2
TGCGTGGGTGTCAATC,5
TGCGTGGTCAGGCAAG,1
TGCGTGGTCGTTTATC,3
TGCTACCAGGACAGAA,4
TGCTACCCAGCGATCC,2
TGCTACCGTACCAGTT,2
TGCTACCTCCAATGGT,0
TGCTACCTCCGAATGT,1
TGCTGCTAGAGCCTAG,3
TGCTGCTCACCTCGTT,3
TGCTGCTCATTCCTGC,3
TGCTGCTGTAGCTAAA,3
TGCTGCTGTAGTAGTA,4
TGCTGCTGTGAGTATA,1
TGCTGCTTCCAGATCA,0
TGCTGCTTCTCAAGTG,5
TGGACGCAGCCACGCT,5
TGGACGCAGTGTTAGA,2
TGGACGCCAATCCGAT,0
TGGACGCCAATCTACG,1
TGGACGCGTCAGCTAT,4
TGGACGCGTTCATGGT,1
TGGACGCTCCAGGGCT,1
TGGCCAGGTACGACCC,1
TGGCCAGGTTATGTGC,2
TGGCCAGGTTTACTCT,2
TGGCCAGTCACGGTTA,3
TGGCCAGTCCAGAGGA,2
TGGCCAGTCGCGTTTC,3
TGGCGCAAGAAGAAGC,1
TGGCGCAAGGAGTACC,0
TGGCGCACACGAGGTA,6
TGGCGCACACTTACGA,2
TGGCGCACAGGAACGT,6
TGGCGCATCCAAACTG,0
TGGCGCATCTTACCTA,2
TGGCTGGAGCTAACAA,1
TGGCTGGAGGAATGGA,1
TGGCTGGCACAGATTC,1
TGGCTGGCAGTTCCCT,1
TGGCTGGCATCTATGG,1
TGGCTGGTCCTCGCAT,3
TGGGAAGAGATCTGCT,3
TGGGAAGCACATTTCT,0
TGGGAAGGTACCGGCT,2
TGGGAAGGTGCTCTTC,1
TGGGAAGGTGCTGTAT,1
TGGGAAGGTTCGGGCT,0
TGGGCGTAGACTAGGC,0
TGGGCGTAGCCACGCT,5
TGGGCGTAGTACATGA,3
TGGGCGTAGTCGCCGT,5
TGGGCGTCAATGGACG,1
TGGGCGTTCCAAGTAC,1
TGGGCGTTCCCACTTG,1
TGGGCGTTCTGTTTGT,0
TGGTTAGCAAGCCATT,3
TGGTTAGCACCACCAG,3
TGGTTAGCACGTAAGG,5
TGGTTAGCATCTGGTA,2
TGGTTAGGTATCTGCA,0
TGGTTAGGTGCGAAAC,0
TGGTTAGTCATGGTCA,3
TGGTTAGTCTCCAGGG,0
TGGTTCCAGAGGTTGC,4
TGGTTCCAGTACGCGA,2
TGGTTCCAGTCCCACG,7
TGGTTCCAGTTGAGTA,1
TGGTTCCCACCGGAAA,2
TGGTTCCGTACGCTGC,0
TGGTTCCTCAACGGGA,7
TGTATTCGTTTAGCTG,0
TGTATTCTCATCACCC,3
TGTATTCTCGGCTACG,3
TGTCCCAGTCAGCTAT,0
TGTCCCATCTAACTTC,0
TGTGGTAAGAAGGACA,4
TGTGGTAAGACACGAC,0
TGTGGTACAAAGGTGC,0
TGTGGTAGTACGAAAT,1
TGTGGTAGTCAAAGAT,1
TGTGGTAGTCAGAATA,3
TGTGGTATCGCTTAGA,4
TGTGTTTCACTGTGTA,6
TGTGTTTCATGCTGGC,1
TGTGTTTCATTCGACA,2
TGTGTTTGTCTAAACC,3
TGTGTTTTCAAAGTAG,0
TGTGTTTTCGTAGGAG,1
TGTTCCGAGGCTAGGT,5
TGTTCCGGTCATGCCG,0
TGTTCCGGTCCGTCAG,0
TTAACTCCACCGATAT,2
TTAACTCCAGCGTAAG,0
TTAACTCGTGAAAGAG,2
TTAACTCGTTACGACT,0
TTAACTCGTTCCGGCA,0
TTAACTCTCCTAGTGA,0
TTAGGACAGACTAGAT,2
TTAGGACGTGTTTGTG,3
TTAGGACGTTATTCTC,0
TTAGGACTCACAAACC,4
TTAGGACTCTGATTCT,3
TTAGGCAAGACCTAGG,0
TTAGGCAAGATGTGGC,1
TTAGGCACAACTGCTA,5
TTAGGCACACATTCGA,1
TTAGGCACATGCCACG,1
TTAGGCAGTAGTAGTA,2
TTAGGCAGTGCAGGTA,0
TTAGGCATCAACGGCC,3
TTAGTTCAGCTTCGCG,0
TTAGTTCCAAGGCTCC,0
TTAGTTCCATCAGTAC,1
TTAGTTCCATCGGAAG,1
TTAGTTCGTACCATCA,1
TTAGTTCGTGCGCTTG,3
TTATGCTAGATGTTAG,3
TTATGCTAGGGAACGG,1
TTATGCTAGTAGCGGT,0
TTATGCTAGTTAAGTG,5
TTATGCTCATCGGTTA,1
TTATGCTTCTCTAAGG,2
TTCCCAGAGAAGATTC,3
TTCCCAGAGGCGCTCT,7
TTCCCAGCAAGTTGTC,5
TTCCCAGGTGAGCGAT,1
TTCCCAGTCCCGACTT,1
TTCCCAGTCGTGTAGT,2
TTCGAAGAGTCATGCT,1
TTCGAAGCAAGAGTCG,0
TTCGAAGCAGAGTGTG,3
TTCGAAGCAGTATCTG,0
TTCGAAGCATCCAACA,4
TTCGAAGCATTCCTGC,0
TTCGGTCAGAGCTTCT,0
TTCGGTCAGGCATGGT,1
TTCGGTCGTGCTAGCC,4
TTCGGTCTCAATACCG,5
TTCGGTCTCTAACGGT,4
TTCGGTCTCTTTACAC,1
TTCTACACATTACCTT,0
TTCTACACATTAGGCT,0
TTCTACAGTATCGCAT,0
TTCTACAGTGGTCTCG,1
TTCTACAGTTTAAGCC,3
TTCTCAAAGATGGCGT,3
TTCTCAAAGTCGATAA,1
TTCTCAACACATTAGC,4
TTCTCAACAGCCAATT,3
TTCTCAACATCGTCGG,3
TTCTCAAGTCGACTGC,0
TTCTCCTAGATCTGAA,1
TTCTCCTAGGTGGGTT,3
TTCTCCTCACCCTATC,0
TTCTCCTGTCGAATCT,3
TTCTCCTGTGAGGCTA,2
TTCTCCTGTTATGCGT,6
TTCTTAGAGATAGGAG,4
TTCTTAGAGATGTAAC,0
TTCTTAGAGCACAGGT,2
TTCTTAGAGGCAATTA,0
TTCTTAGCACCAGTTA,2
TTCTTAGCACGAGGTA,2
TTCTTAGCAGGTCTCG,6
TTCTTAGGTAAGGGCT,1
TTCTTAGTCCCAGGTG,1
TTGAACGCAAAGGAAG,7
TTGAACGCACGTCTCT,1
TTGAACGCATGTCGAT,0
TTGAACGGTCTAAAGA,0
TTGAACGGTGCAGTAG,3
TTGAACGGTTGGACCC,0
TTGAACGGTTTGTTGG,1
TTGAACGTCCAAACTG,0
TTGACTTAGGTGTGGT,1
TTGACTTCACGGCGTT,4
TTGACTTCATGTAAGA,0
TTGACTTGTTGGTAAA,0
TTGACTTTCACATACG,0
TTGCCGTAGGCTACGA,2
TTGCCGTAGGTGTTAA,2
TTGCCGTCACGACTCG,1
TTGCCGTGTCGACTGC,0
TTGCCGTGTCTAGTGT,4
TTGCCGTGTTGTACAC,0
TTGCCGTTCAAGAAGT,3
TTGCCGTTCAGTGCAT,2
TTGCCGTTCATAGCAC,3
TTGCGTCAGTACGCGA,2
TTGCGTCCATCGTCGG,4
TTGCGTCCATTCGACA,3
TTGCGTCCATTTCAGG,0
TTGCGTCGTAAGAGGA,4
TTGCGTCGTGGGTCAA,0
TTGCGTCGTTGTACAC,4
TTGGAACAGTCCCACG,7
TTGGAACCAAGCGTAG,4
TTGGAACGTTATCCGA,2
TTGGAACTCATTGCCC,4
TTGGCAAAGATGGCGT,0
TTGGCAAAGCAGACTG,4
TTGGCAAAGGTGATTA,1
TTGGCAAAGTCGTACT,0
TTGGCAACACTCAGGC,0
TTGGCAACATTATCTC,0
TTGGCAAGTCGCTTCT,0
TTGGCAAGTGTGACGA,1
TTGGCAATCAGGTAAA,3
TTGGCAATCGCCATAA,2
TTGTAGGAGAATCTCC,1
TTGTAGGAGACGACGT,1
TTGTAGGAGTCCATAC,0
TTGTAGGGTTCCACGG,2
TTGTAGGGTTTGTTTC,0
TTGTAGGTCCGCAAGC,3
TTTACTGAGCGATATA,2
TTTACTGAGTGTGGCA,0
TTTACTGCAGCGTTCG,1
TTTACTGGTAACGCGA,0
TTTACTGGTATATGAG,7
TTTACTGGTCATCCCT,0
TTTACTGTCACAATGC,1
TTTACTGTCCGTCAAA,2
TTTACTGTCTACTTAC,1
TTTACTGTCTGCCAGG,4
TTTATGCAGTCGCCGT,3
TTTATGCCAATTCCTT,0
TTTCCTCAGACTTGAA,0
TTTCCTCAGGCGACAT,2
TTTCCTCGTTATGTGC,1
TTTGCGCGTCGTGGCT,6
TTTGCGCGTCTCTTTA,1
TTTGCGCTCATGTGGT,6
TTTGGTTAGACTGGGT,1
TTTGGTTAGCAGACTG,2
TTTGGTTAGCCCAACC,3
TTTGGTTAGTTAACGA,2
TTTGGTTCACGGTAGA,1
TTTGGTTGTAGCGTGA,2
TTTGGTTGTGTCAATC,0
TTTGGTTTCAACGCTA,0
TTTGGTTTCAGCCTAA,6
TTTGGTTTCCAAACAC,6
TTTGTCAAGTCAATAG,4
TTTGTCACAAACCCAT,1
TTTGTCACATAGAAAC,2
TTTGTCAGTGACAAAT,2
TTTGTCATCAGTACGT,1
